{
  "modelInstanceName": "appInsightsConfiguredInstance",
  "modelInitialData": {
    "SecretName": "APPLICATIONINSIGHTS_CONNECTION_STRING",
    "IsConfiguringSpecificSecretName": true
  },
  "viewInstanceName": "appInsightsConfigureInstance",
  "validators": {
    "connectionStringName": {
      "kind": "ConnectionStringName",
      "config": {
        "validatedProperty": "SecretName"
      }
    }
  },
  "getSecretsUrlGenerator": {
    "name": "AppInsightsGetSecrets",
    "splitters": [
      {
        "name": "ENTITYID",
        "kind": "Identity",
        "config": {
          "outwardFacingField": "/entity/id",
          "inwardFacingFields": [ "entityId" ]
        }
      }
    ],
    "transforms": [
      {
        "name": "ENTITYID",
        "kind": "Identity",
        "config": {
          "transformedField": "entityId"
        }
      }
    ],
    "fusers": [
      {
        "name": "url",
        "kind": "ZipperToothMerge",
        "config": {
          "outwardFacingField": "/url",
          "inwardFacingFields": [ "entityId" ],
          "joinTokens": [ "?api-version=2020-02-02" ],
          "firstToken": "inputTokens"
        }
      }
    ]
  },
  "metadataMapDefinition": {
    "name": "AppInsightsMetadata",
    "splitters": [
      {
        "name": "CONNECTIONSTRINGREPEATER",
        "kind": "IdentityRepeater",
        "config": {
          "innerAtomizers": [
            {
              "name": "APPINSIGHTSCONNECTIONSTRING",
              "kind": "Identity",
              "config": {
                "outwardFacingField": "/actionResult/properties/ConnectionString",
                "inwardFacingFields": [ "appInsightsConnectionString" ]
              }
            },
            {
              "name": "CONNECTIONSTRING",
              "kind": "Identity",
              "config": {
                "outwardFacingField": "/actionResult/properties/ConnectionString",
                "inwardFacingFields": [ "connectionString" ]
              }
            }
          ],
          "outwardFacingField": "/actionResult/properties/ConnectionString",
          "inwardFacingFields": [ "appInsightsConnectionString", "connectionString" ]
        }
      },
      {
        "name": "RESOURCEID",
        "kind": "Identity",
        "config": {
          "outwardFacingField": "/entity/id",
          "inwardFacingFields": [ "resourceId" ]
        }
      }
    ],
    "transforms": [
      {
        "name": "appInsightsConnectionString",
        "kind": "Identity",
        "config": {
          "transformedField": "appInsightsConnectionString"
        }
      },
      {
        "name": "connectionString",
        "kind": "Identity",
        "config": {
          "transformedField": "connectionString"
        }
      },
      {
        "name": "resourceId",
        "kind": "Identity",
        "config": {
          "transformedField": "resourceId"
        }
      }
    ],
    "fusers": [
      {
        "name": "APPLICATIONINSIGHTS_CONNECTION_STRING",
        "kind": "Identity",
        "config": {
          "inwardFacingFields": [ "appInsightsConnectionString" ],
          "outwardFacingField": "/metadatas/0/value"
        }
      },
      {
        "name": "RESOURCEID",
        "kind": "Identity",
        "config": {
          "inwardFacingFields": [ "resourceId" ],
          "outwardFacingField": "/metadatas/5/value"
        }
      },
      {
        "name": "CONNECTIONSTRING",
        "kind": "Identity",
        "config": {
          "inwardFacingFields": [ "connectionString" ],
          "outwardFacingField": "/metadatas/6/value"
        }
      }
    ]
  },
  "metadataStartModel": {
    "metadatas": [
      {
        "name": "APPLICATIONINSIGHTS_CONNECTION_STRING",
        "kind": "Setting"
      },
      {
        "name": "APPINSIGHTS_PROFILERFEATURE_VERSION",
        "kind": "Setting",
        "value": "1.0.0"
      },
      {
        "name": "ApplicationInsightsAgent_EXTENSION_VERSION",
        "kind": "Setting",
        "value": "~2"
      },
      {
        "name": "DiagnosticServices_EXTENSION_VERSION",
        "kind": "Setting",
        "value": "~3"
      },
      {
        "name": "connectionId",
        "kind": "DesignTimeManifest",
        "value": "APPLICATIONINSIGHTS_CONNECTION_STRING"
      },
      {
        "name": "resourceId",
        "kind": "DesignTimeManifest"
      },
      {
        "name": "connectionString",
        "kind": "DesignTimeManifest"
      }
    ]
  }
}
