{
  "apiAdministratorEmailDescription": "API Management에서 보내는 모든 시스템 알림을 수신하는 전자 메일 주소를 설정합니다.",
  "apiAdministratorEmailLabel": "관리자 전자 메일(_A)",
  "apiManagementAzureDisplayName": "Azure API Management 서비스",
  "apiManagementAzureDescription": "Azure Logic Apps 및 Power Apps에서 사용하기 위해 API를 API Management에 게시",
  "apiManagementApiAzureDescription": "Azure Logic Apps 및 Power Apps에서 사용하기 위해 API를 API Management에 게시",
  "apiManagementApiAzureDisplayName": "API Management의 API",
  "apiManagementApiNameNotAvailable": "이름을 사용할 수 없습니다.",
  "apiManagementApiResourceNameLabel": "API 이름(_A)",
  "apiManagementApiUnableToCheckNameAvailable": "이름 사용 가능 여부를 확인할 수 없습니다.",
  "apimangementApiCreateNameInstance": "API Management API 만들기",
  "apimapiNameNotMeetCriteria": "API 이름은 영숫자 문자로 시작하고 끝나야 하며 영숫자 문자와 하이픈만 포함해야 합니다.",
  "apiURLSuffixDescription": "API 서비스 이름의 도메인 경로",
  "apiURLSuffixLabel": "API URL 접미사(_U)",
  "apiSelectedServiceMustBeSet": "서비스를 선택해야 합니다.",
  "apiManagementApisFolderName": "API",
  "apiURLSuffixMustBeUniqueInService": "URL 접미사는 단일 서비스 인스턴스 내에서 고유해야 합니다.",
  "apiServicesDropdownLabel": "API Management 서비스(_M)",
  "apiServicesDropdownDescription": "이 API를 호스트할 수 있는 API Management 서비스 목록",
  "apiManagementDisplayBasic": "기본(99.9% SLA)",
  "apiManagementDisplayConsumption": "사용량(99.9% SLA)",
  "apiManagementDisplayDeveloper": "개발자(SLA 없음)",
  "apiManagementDisplayPremium": "프리미엄(99.99% SLA)",
  "apiManagementDisplayStandard": "표준(99.9% SLA)",
  "apimangementCreateNameInstance": "새 API Management 서비스 만들기",
  "apiManagementUnableToCheckName": "이름을 확인할 수 없음",
  "apiManagementResourceNameLabel": "이름(_N)",
  "apiManagementNameNotAvailable": "이름이 이미 사용 중임",
  "apiManagementNameNotMeetCriteria": "이름은 1~50자여야 하며 문자로 시작하고 문자 및 숫자만 포함해야 합니다.",
  "apiManagementAzureCollectiveNoun": "API Management 인스턴스",
  "apiManagementApiAzureCollectiveNoun": "API Management API",
  "appInsightsAzureDescription": "웹 앱 성능 및 사용량 모니터링(Azure에서 실행 중인 인스턴스에 연결 포함)",
  "appInsightsCollectiveNoun": "Application Insights 인스턴스",
  "appInsightsCreateNameInstance": "Application Insights 구성 요소 만들기",
  "appInsightsDisplayName": "Application Insights",
  "appInsightsLogAnalyticsDropdownDescription": "분석 데이터 저장",
  "appInsightsLogAnalyticsDropdownLabel": "Azure Log Analytics 작업 영역(_A)",
  "appInsightsLogAnalyticsMustBeSet": "Log Analytics 작업 영역을 설정해야 합니다.",
  "appInsightsNameContainsReservedWords": "리소스 이름에는 상표 또는 예약어가 포함될 수 없습니다.",
  "appInsightsNameNotAvailable": "이름이 이미 사용 중임",
  "appInsightsNameNotMeetCriteria": "이름은 1자 이상 256자 이하여야 합니다. 또한 영숫자 문자와 하이픈만 사용할 수 있습니다.",
  "appInsightsResourceNameLabel": "이름(_N)",
  "appInsightsToLogAnalyticsLocationMismatchWarning": "Log Analytics Workspace가 있는 {1} 대신 {0}에서 Application Insights를 호스팅하면 성능, 비용 및 규정 준수에 영향을 미칠 수 있습니다.",
  "appInsightsUnableToCheckNameAvailable": "이름 사용 가능 여부를 확인할 수 없습니다.",
  "appInsightsUnableToCheckNameValid": "이름이 유효한지 확인할 수 없음",
  "springCloudServiceAppInsightsDropdownDescription": "추적 데이터 저장",
  "springCloudServiceAppInsightsDropdownLabel": "Azure App Insights(_P)",
  "springCloudServiceLogAnalyticsDropdownDescription": "분석 데이터 저장",
  "springCloudServiceLogAnalyticsDropdownLabel": "Azure Log Analytics 작업 영역(_A)",
  "logAnalyticsAzureDescription": "Azure의 모니터링되는 리소스에서 수집된 데이터를 쉽게 저장, 유지 및 쿼리합니다.",
  "logAnalyticsUnableToCheckNameAvailable": "이름 사용 가능 여부를 확인할 수 없습니다.",
  "logAnalyticsAzureCollectiveNoun": "Azure Log Analytics 작업 영역",
  "logAnalyticsNameNotAvailable": "이름을 사용할 수 없습니다.",
  "logAnalyticsCreateNameInstance": "Azure Log Analytics 작업 영역 만들기",
  "logAnalyticsSkuDropDownName": "S_KU",
  "logAnalyticsSkuDropDownDescription": "작업 영역 비용은 사용하는 가격 책정 계층 및 솔루션에 따라 달라집니다.",
  "logAnalyticsSkuDisplayPerg2018": "종량제(GB당 2018)",
  "logAnalyticsNameNotMeetCriteria": "작업 영역 이름은 4~63자여야 하고 이름에는 문자, 숫자 및 '-'만 사용할 수 있습니다. '-'는 첫 번째 또는 마지막 문자로 사용할 수 없습니다.",
  "logAnalyticsSelectedSkuMustBeSet": "SKU를 설정해야 합니다.",
  "logAnalyticsResourceNameLabel": "이름(_N)",
  "logAnalyticsDisplayName": "Azure Log Analytics 작업 영역",
  "appConfigAzureDependencyTypeName": "Azure App Configuration",
  "appConfigAzureDisplayName": "Azure App Configuration",
  "appConfigAzureDescription": "Azure에서 중앙에서 관리되는 애플리케이션의 키-값 설정 및 기능 플래그에 쉽게 액세스할 수 있습니다.",
  "appConfigCollectiveNoun": "App Configuration 저장소",
  "appConfigResourceNameLabel": "리소스 이름(_R)",
  "appConfigCreateNameInstance": "Azure App Configuration 저장소를 만듭니다.",
  "appConfigFreeSkuLimitReached": "구독이 무료 계층의 앱 구성 리소스 1개에서 앱 구성 리소스 제한에 도달했습니다.",
  "appConfigNameContainsReservedWords": "이름에는 상표나 예약어를 사용할 수 없습니다.",
  "appConfigNameNotAvailable": "이름을 사용할 수 없습니다.",
  "appConfigNameNotMeetCriteria": "이름에는 영숫자 ASCII 문자 또는 '-'만 포함되어야 하며 5~50자여야 합니다.",
  "appConfigSelectedSkuMustBeSet": "가격 책정 계층을 설정해야 합니다.",
  "appConfigSkuDropDownDescription": "앱의 스토리지 및 SLA 요구 사항과 일치하는 가격 책정 계층을 선택합니다.",
  "appConfigSkuDropDownName": "가격 책정 계층(_P)",
  "appConfigSkuDisplayFree": "무료",
  "appConfigSkuDisplayStandard": "표준",
  "appConfigUnableToAccess": "App Configuration 저장소 '{0}'에 액세스할 수 없습니다. 해당 저장소가 여전히 있는지와 해당 저장소에 액세스할 수 있는지 확인하세요.",
  "appConfigUnableToCheckNameAvailable": "이름 사용 가능 여부를 확인할 수 없습니다.",
  "appConfigUnableToCheckNameValid": "이름이 유효한지 확인할 수 없습니다.",
  "containerAppsAzureDisplayName": "Azure Container Apps",
  "containerAppsAzureDescription": "Azure의 서버리스 플랫폼에서 확장 가능한 컨테이너화된 애플리케이션 및 마이크로 서비스 실행",
  "containerAppsCollectiveNoun": "컨테이너 앱",
  "containerAppsCreateNameInstance": "Azure Container App 만들기",
  "containerAppsResourceNameLabel": "컨테이너 앱 이름(_C)",
  "containerAppsContainerNameLabel": "컨테이너 이름(_N)",
  "containerAppsContainerNameDescription": "컨테이너 앱의 첫 번째 컨테이너 이름",
  "containerAppsContainerNameNotMeetCriteria": "컨테이너 이름은 1~63자 사이여야 하며 소문자 또는 숫자로 시작하고 소문자, 숫자 및 대시를 포함하고 소문자 또는 숫자로 끝나야 합니다.",
  "containerAppsNameContainsReservedWords": "컨테이너 앱 이름에는 상표나 예약어를 사용할 수 없습니다.",
  "containerAppsNameNotMeetCriteria": "컨테이너 앱 이름은 2자에서 32자 사이여야 하고, 소문자로 시작하고, 소문자, 숫자 및 대시를 포함하고, 소문자 또는 숫자로 끝나야 합니다.",
  "containerAppsNameNotAvailable": "컨테이너 앱 이름을 사용할 수 없습니다.",
  "containerAppsUnableToCheckNameAvailable": "컨테이너 앱 이름을 사용할 수 있는지 확인할 수 없습니다.",
  "containerAppsUnableToCheckNameValid": "이름이 유효한지 확인할 수 없음",
  "containerAppsLocationMustBeSet": "위치를 설정해야 합니다.",
  "containerAppsManagedEnvironmentDisplayName": "Azure Container Apps 환경",
  "containerAppsManagedEnvironmentCollectiveNoun": "Container Apps 환경",
  "containerAppsManagedEnvironmentMustBeSet": "Container Apps 환경을 설정해야 합니다.",
  "containerAppsManagedEnvDropDownName": "Container Apps 환경(_O)",
  "containerAppsManagedEnvDropDownDescription": "컨테이너 앱을 실행할 환경 선택",
  "cosmosdbAzureDependencyTypeName": "Azure Cosmos DB",
  "cosmosdbAzureDisplayName": "Azure Cosmos DB",
  "cosmosdbAzureDescription": "확장성이 뛰어나고 일관성 있는 지리적 복제 데이터 저장소를 사용하세요.",
  "cosmosdbApiDropDownName": "API(_A)",
  "cosmosdbApiDropDownDescription": "Cosmos DB는 다중 모델 데이터베이스 서비스입니다. 이 계정에 사용할 API 및 데이터 모델을 선택합니다.",
  "cosmosdbApiCoreName": "코어(SQL)",
  "cosmosdbApiCassandraName": "Cassandra",
  "cosmosdbApiTableName": "Azure 테이블",
  "cosmosdbApiGremlinName": "Gremlin(그래프)",
  "cosmosdbApiMongoName": "Azure Cosmos DB for MongoDB API",
  "cosmosdbCollectiveNoun": "Cosmos DB 인스턴스",
  "cosmosdbResourceNameLabel": "리소스 이름(_R)",
  "cosmosdbCreateNameInstance": "Azure Cosmos DB 만들기",
  "cosmosDbNameContainsReservedWords": "이름에는 상표나 예약어를 사용할 수 없습니다.",
  "cosmosDbNameNotAvailable": "이름을 사용할 수 없습니다.",
  "cosmosDbNameNotMeetCriteria": "이름은 소문자, 숫자 및 하이픈만 포함할 수 있으며 3~31자여야 합니다.",
  "cosmosDbUnableToCheckNameAvailable": "이름 사용 가능 여부를 확인할 수 없습니다.",
  "cosmosDbUnableToCheckNameValid": "이름이 유효한지 확인할 수 없음",
  "cosmosDbSelectedApiMustBeSet": "API를 설정해야 합니다.",
  "formatDisplayNameWithLocation": "{0} ({1})",
  "formatDisplayNameNewItemWithLocation": "*{0}({1})",
  "indicatorColumnHeader": "",
  "managedEnvironmentDisplayName": "Azure Container Apps 환경",
  "managedEnvironmentDescription": "컨테이너 앱을 실행할 Kubernetes 기반 환경",
  "managedEnvironmentCollectiveNoun": "컨테이너 앱 환경",
  "managedEnvironmentsCreateNameInstance": "Azure Container Apps 환경 만들기",
  "managedEnvironmentResourceNameLabel": "환경 이름(_E)",
  "managedEnvironmentNameNotMeetCriteria": "환경 이름은 2~60자여야 하고, 문자 또는 숫자로 시작하고, 문자, 숫자 및 대시를 포함하고, 문자 또는 숫자로 끝나야 합니다.",
  "managedEnvironmentNameNotAvailable": "환경 이름을 사용할 수 없음",
  "managedEnvironmentUnableToCheckNameAvailable": "환경 이름을 확인할 수 없음",
  "managedEnvironmentNameContainsReservedWords": "환경 이름에는 상표 또는 예약어를 사용할 수 없습니다.",
  "managedEnvironmentUnableToCheckNameValid": "환경 이름이 유효한지 확인할 수 없습니다.",
  "managedEnvironmentLocationMustBeSet": "위치를 설정해야 합니다.",
  "managedEnvironmentLogAnalyticsMustBeSet": "Log Analytics를 설정해야 합니다.",
  "managedEnvironmentCreateNewInstanceDescription": "Azure Container Apps 환경 만들기",
  "managedEnvironmentLogAnalyticsDropdownDescription": "분석 데이터 저장",
  "managedEnvironmentLogAnalyticsDropdownLabel": "Azure Log Analytics 작업 영역(_A)",
  "managedEnvNoMoreThan2PerSubscription": "구독에는 관리되는 엔터티가 2개 이상 포함될 수 없습니다.",
  "pricingTierColumnHeader": "계층(_T)",
  "pricingTierDropDownDescription": "서비스의 가격 및 안정성 특성 선택",
  "pricingTierDropDownName": "가격 책정 계층(_T)",
  "redisAzureCollectiveNoun": "Azure Redis Cache",
  "redisAzureDependencyTypeName": "Azure Cache for Redis",
  "redisAzureDisplayName": "Azure Cache for Redis",
  "redisAzureDescription": "대기 시간이 짧고 처리량이 높은 다양한 Redis 엔진 기능을 활용하여 사용자 로드가 증가하는 상황에서도 뛰어난 애플리케이션 응답성을 유지하세요.",
  "redisSkuDropDownName": "SKU(_S)",
  "redisSkuDropDownDescription": "앱의 캐시 크기 및 복제 요구 사항과 일치하는 SKU를 선택합니다.",
  "redisSkuDisplayBasicC0": "기본 C0(250MB 캐시)",
  "redisSkuDisplayBasicC1": "기본 C1(1GB 캐시)",
  "redisSkuDisplayBasicC2": "기본 C2(2.5GB 캐시)",
  "redisSkuDisplayBasicC3": "기본 C3(6GB 캐시)",
  "redisSkuDisplayBasicC4": "기본 C4(13GB 캐시)",
  "redisSkuDisplayBasicC5": "기본 C5(26GB 캐시)",
  "redisSkuDisplayBasicC6": "기본 C6(53GB 캐시)",
  "redisSkuDisplayStandardC0": "표준 C0(250MB 캐시, 복제)",
  "redisSkuDisplayStandardC1": "표준 C1(1GB 캐시, 복제)",
  "redisSkuDisplayStandardC2": "표준 C2(2.5GB 캐시, 복제)",
  "redisSkuDisplayStandardC3": "표준 C3(6GB 캐시, 복제)",
  "redisSkuDisplayStandardC4": "표준 C4(13GB 캐시, 복제)",
  "redisSkuDisplayStandardC5": "표준 C5(26GB 캐시, 복제)",
  "redisSkuDisplayStandardC6": "표준 C6(53GB 캐시, 복제)",
  "redisSkuDisplayPremiumP1": "프리미엄 P1(1GB 캐시, 복제)",
  "redisSkuDisplayPremiumP2": "프리미엄 P2(2.5GB 캐시, 복제)",
  "redisSkuDisplayPremiumP3": "프리미엄 P3(6GB 캐시, 복제)",
  "redisSkuDisplayPremiumP4": "프리미엄 P4(13GB 캐시, 복제)",
  "redisSkuDisplayPremiumP5": "프리미엄 P5(26GB 캐시, 복제)",
  "redisResourceNameLabel": "리소스 이름(_R)",
  "redisSelectedSkuMustBeSet": "SKU를 설정해야 합니다.",
  "redisCreateNameInstance": "Azure Cache for Redis 만들기",
  "redisNameContainsReservedWords": "이름에는 상표나 예약어를 사용할 수 없습니다.",
  "redisNameNotAvailable": "이름을 사용할 수 없습니다.",
  "redisNameNotMeetCriteria": "이름에는 문자, 숫자 및 하이픈만 사용할 수 있습니다. 첫 문자와 마지막 문자는 문자 또는 숫자여야 합니다. 연속된 하이픈은 허용되지 않습니다.",
  "redisUnableToCheckNameAvailable": "이름 사용 가능 여부를 확인할 수 없습니다.",
  "redisUnableToCheckNameValid": "이름이 유효한지 확인할 수 없음",
  "connectionStringNameLabel": "연결 문자열 이름(_S)",
  "connectionStringNameDescription": "코드가 이 리소스를 참조할 이름",
  "locationDropDownName": "위치(_L)",
  "locationDropDownDescription": "리소스를 만들 위치",
  "newCommandLabel": "새로 만들기...",
  "organizationNameIsRequired": "조직은 필수입니다.",
  "organizationNameLabel": "조직(_O)",
  "organizationNameDescription": "개발자 포털 및 전자 메일 알림에 사용할 조직 이름을 지정합니다.",
  "resourceTypeNotSupportedError": "리소스 종류가 이 구독에서 지원되지 않습니다.",
  "selectedLocationMustBeSet": "위치를 설정해야 합니다.",
  "locationColumnHeader": "위치(_L)",
  "resourceGroupColumnHeader": "리소스 그룹(_G)",
  "nameColumnHeader": "이름(_N)",
  "skuColumnHeader": "SKU(_K)",
  "urlSuffixLengthMustBeValid": "URL 접미사는 400자 미만이어야 합니다.",
  "serviceLinkerDisplayName": "서비스 커넥터",
  "serviceLinkerAzureDescription": "서비스 커넥터는 계산을 사용하는 리소스와 다른 Azure 리소스 간에 연결을 만듭니다.",
  "serviceLinkerAzureCollectiveNoun": "서비스 커넥터 링크",
  "signalrCollectiveNoun": "SignalR 인스턴스",
  "signalrAzureDescription": "웹 애플리케이션과의 실시간 통신을 쉽게 사용하도록 설정할 수 있습니다.",
  "signalrAzureDisplayName": "Azure SignalR Service",
  "signalrPricingTierDropDownName": "가격 책정 계층(_P)",
  "signalrPricingTierDropDownDescription": "앱의 캐시 크기 및 복제 요구 사항과 일치하는 SKU를 선택합니다.",
  "signalrPricingTierDisplayStandard": "표준",
  "signalrPricingTierDisplayFree": "무료",
  "signalrPricingTierDisplayPremium": "프리미엄",
  "signalrResourceNameLabel": "리소스 이름(_N)",
  "signalrNameNotMeetCriteria": "이름은 3 ~ 63자여야 합니다. 그리고 영숫자와 하이픈만 사용할 수 있습니다.",
  "signalrNameContainsReservedWords": "리소스 이름에는 상표 또는 예약어를 사용할 수 없습니다.",
  "signalrUnableToCheckNameAvailable": "이름 사용 가능 여부를 확인할 수 없습니다.",
  "signalrUnableToCheckNameValid": "이름이 유효한지 확인할 수 없음",
  "signalrNameNotAvailable": "이름이 이미 사용 중임",
  "signalrSelectedSkuMustBeSet": "SKU를 설정해야 합니다.",
  "signalrCreateInstanceText": "Azure SignalR Service 인스턴스 만들기",
  "signalrSkuCount": "구독에는 무료 계층의 SignalR 서비스가 5개 이상 있을 수 없습니다.",
  "azureKubernetesService": "Azure Kubernetes Service",
  "azureKubernetesServiceCollectiveNoun": "Azure Kubernetes Services",
  "azureKubernetesServiceDescription": "Azure Kubernetes Service 내에서 실행되는 애플리케이션",
  "azureVirtualMachineScaleSet": "Azure 가상 머신 확장 집합",
  "azureVirtualMachineScaleSetCollectiveNoun": "Azure 가상 머신 확장 집합",
  "azureVirtualMachineScaleSetDescription": "Azure Virtual Machine Scale Sets 내에서 실행되는 애플리케이션",
  "azureVirtualMachineScaleSetWindows": "Azure 가상 머신 확장 집합(Windows)",
  "azureVirtualMachineScaleSetWindowsCollectiveNoun": "Azure Virtual Machine Scale Sets(Windows)",
  "azureVirtualMachineScaleSetWindowsDescription": "Azure Virtual Machine Scale Sets(Windows) 내에서 실행되는 애플리케이션",
  "azureClassicVirtualMachine": "Azure 클래식 가상 머신",
  "azureClassicVirtualMachineCollectiveNoun": "Azure 클래식 가상 머신",
  "azureClassicVirtualMachineDescription": "Azure 클래식 가상 머신 내에서 실행되는 애플리케이션",
  "azureClassicVirtualMachineWindows": "Azure 클래식 가상 머신(Windows)",
  "azureClassicVirtualMachineWindowsCollectiveNoun": "Azure 클래식 Virtual Machines(Windows)",
  "azureClassicVirtualMachineWindowsDescription": "Azure 클래식 가상 머신(Windows) 내에서 실행되는 애플리케이션",
  "springCloudAppDescription": "Azure Spring Cloud 내에서 실행되는 애플리케이션입니다.",
  "springCloudAppDisplayName": "Azure Spring Cloud 앱",
  "springCloudAppsFolderName": "앱",
  "springCloudAppCollectiveNoun": "Azure Spring Cloud 앱",
  "springCloudAppCreateNameInstance": "Azure Spring Cloud 앱 만들기",
  "springCloudAppResourceNameLabel": "앱 이름(_N)",
  "springCloudAppNameContainsReservedWords": "앱 이름에는 상표나 예약어를 사용할 수 없습니다.",
  "springCloudAppNameNotMeetCriteria": "이름에는 소문자, 숫자 및 하이픈만 사용할 수 있습니다. 첫 글자는 문자여야 하고, 마지막 글자는 문자 또는 숫자여야 합니다. 값의 길이는 4자에서 32자 사이여야 합니다.",
  "springCloudAppNameNotAvailable": "이름이 이미 사용 중임",
  "springCloudAppUnableToCheckNameAvailable": "이름 사용 가능 여부를 확인할 수 없습니다.",
  "springCloudAppUnableToCheckNameValid": "이름이 유효한지 확인할 수 없음",
  "springCloudDeploymentCollectiveNoun": "Azure Spring Cloud 배포",
  "springCloudDeploymentDescription": "Azure Spring Cloud 앱은 블루/그린 서비스 테스트를 위해 여러 배포를 호스트할 수 있습니다.",
  "springCloudDeploymentDisplayName": "Azure Spring Cloud 배포",
  "springCloudServiceCollectiveNoun": "Azure Spring Cloud 서비스",
  "springCloudServiceCreateNameInstance": "Azure Spring Cloud 만들기",
  "springCloudServiceDescription": "Azure Spring Cloud는 클라우드에서 애플리케이션을 빌드, 배포, 스케일링 및 모니터링하는 데 사용할 수 있는 서버리스 마이크로 서비스 플랫폼입니다. Spring Cloud를 사용하여 Spring Boot 앱에 최신 마이크로 서비스 패턴을 제공하고 상용구 코드를 제거하여 강력한 .NET 앱을 신속하게 빌드하세요.",
  "springCloudServiceDisplayName": "Azure Spring Cloud",
  "springCloudServiceLogAnalyticsMustBeSet": "Log Analytics 작업 영역을 설정해야 합니다.",
  "springCloudServiceResourceNameLabel": "서비스 이름(_N)",
  "springCloudServiceNameNotMeetCriteria": "이름에는 소문자, 숫자 및 하이픈만 사용할 수 있습니다. 첫 글자는 문자여야 하고, 마지막 글자는 문자 또는 숫자여야 합니다. 값의 길이는 4자에서 32자 사이여야 합니다.",
  "springCloudServiceNameNotAvailable": "이름이 이미 사용 중임",
  "springCloudServiceUnableToCheckNameAvailable": "이름 사용 가능 여부를 확인할 수 없습니다.",
  "springCloudServicesDropdownLabel": "Azure Spring Cloud(_P)",
  "springCloudServicesDropdownDescription": "이 애플리케이션을 실행할 Azure Spring Cloud를 선택합니다.",
  "springCloudServiceSkuBasic": "기본",
  "springCloudServiceSkuStandard": "표준",
  "springCloudServiceLocationMustBeSet": "위치를 설정해야 합니다.",
  "springCloudServiceNoAppInsights": "App Insights가 없음",
  "springCloudServiceNoLogAnalytics": "Log Analytics가 없음",
  "springCloudServiceAppInsightsMustBeSet": "App Insights를 설정해야 합니다.",
  "springCloudServicePricingTierMustBeSet": "가격 책정 계층을 설정해야 합니다.",
  "springCloudServicePricingTiersLabel": "가격 책정 계층(_P)",
  "springCloudServicePricingTiersDescription": "가격 책정 계층은 인스턴스와 관련된 리소스 및 비용을 결정합니다.",
  "springCloudServiceMustBeSet": "Azure Spring Cloud를 설정해야 합니다.",
  "springCloudServiceNameContainsReservedWords": "서비스 이름에는 상표나 예약어를 사용할 수 없습니다.",
  "springCloudServiceUnableToCheckNameValid": "이름이 유효한지 확인할 수 없음"
}