{
  "modelInstanceName": "appConfigConfiguredInstance",
  "modelInitialData": {
    "SecretName": "AppConfig"
  },
  "viewInstanceName": "appConfigConfigInstance",
  "validators": {
    "connectionStringName": {
      "kind": "ConnectionStringName",
      "config": {
        "validatedProperty": "SecretName"
      }
    }
  },
  "getSecretsUrlGenerator": {
    "name": "appConfigGetSecrets",
    "splitters": [
      {
        "name": "ENTITYID",
        "kind": "Identity",
        "config": {
          "outwardFacingField": "/entity/id",
          "inwardFacingFields": [ "entityId" ]
        }
      }
    ],
    "transforms": [
      {
        "name": "ENTITYID",
        "kind": "Identity",
        "config": {
          "transformedField": "entityId"
        }
      }
    ],
    "fusers": [
      {
        "name": "URL",
        "kind": "ZipperToothMerge",
        "config": {
          "outwardFacingField": "/url",
          "inwardFacingFields": [ "entityId" ],
          "joinTokens": [ "/listKeys?api-version=2022-05-01" ],
          "firstToken": "inputTokens"
        }
      },
      {
        "name": "METHOD",
        "kind": "Constant",
        "config": {
          "inwardFacingFields": [],
          "outwardFacingField": "/method",
          "constantValue": "POST"
        }
      }
    ]
  },
  "metadataMapDefinition": {
    "name": "appConfigMetadata",
    "splitters": [
      {
        "name": "KEYVALUE",
        "kind": "Identity",
        "config": {
          "outwardFacingField": "/actionResult/value/0/connectionString",
          "inwardFacingFields": [ "keyValue" ]
        }
      },
      {
        "name": "KEYNAMEREPEATER",
        "kind": "IdentityRepeater",
        "config": {
          "innerAtomizers": [
            {
              "name": "SECRETNAME",
              "kind": "Identity",
              "config": {
                "outwardFacingField": "/model/SecretName",
                "inwardFacingFields": [ "secretName" ]
              }
            },
            {
              "name": "CONNECTIONID",
              "kind": "Identity",
              "config": {
                "outwardFacingField": "/model/SecretName",
                "inwardFacingFields": [ "connectionId" ]
              }
            }
          ],
          "outwardFacingField": "/model/SecretName",
          "inwardFacingFields": [ "secretName", "connectionId" ]
        }
      },
      {
        "name": "ENDPOINT",
        "kind": "Identity",
        "config": {
          "outwardFacingField": "/entity/endpoint",
          "inwardFacingFields": [ "endpoint" ]
        }
      },
      {
        "name": "RESOURCEID",
        "kind": "Identity",
        "config": {
          "outwardFacingField": "/entity/id",
          "inwardFacingFields": [ "resourceId" ]
        }
      }
    ],
    "transforms": [
      {
        "name": "keyValue",
        "kind": "Identity",
        "config": {
          "transformedField": "keyValue"
        }
      },
      {
        "name": "secretName",
        "kind": "Identity",
        "config": {
          "transformedField": "secretName"
        }
      },
      {
        "name": "connectionId",
        "kind": "Identity",
        "config": {
          "transformedField": "connectionId"
        }
      },
      {
        "name": "endpoint",
        "kind": "Identity",
        "config": {
          "transformedField": "endpoint"
        }
      },
      {
        "name": "resourceId",
        "kind": "Identity",
        "config": {
          "transformedField": "resourceId"
        }
      }
    ],
    "fusers": [
      {
        "name": "SECRETNAME",
        "kind": "Identity",
        "config": {
          "inwardFacingFields": [ "secretName" ],
          "outwardFacingField": "/metadatas/0/name"
        }
      },
      {
        "name": "KEYVALUE",
        "kind": "Identity",
        "config": {
          "inwardFacingFields": [ "keyValue" ],
          "outwardFacingField": "/metadatas/0/value"
        }
      },
      {
        "name": "CONNECTIONID",
        "kind": "Identity",
        "config": {
          "inwardFacingFields": [ "connectionId" ],
          "outwardFacingField": "/metadatas/1/value"
        }
      },
      {
        "name": "ENDPOINT",
        "kind": "Identity",
        "config": {
          "inwardFacingFields": [ "endpoint" ],
          "outwardFacingField": "/metadatas/2/value"
        }
      },
      {
        "name": "RESOURCEID",
        "kind": "Identity",
        "config": {
          "inwardFacingFields": [ "resourceId" ],
          "outwardFacingField": "/metadatas/3/value"
        }
      }
    ]
  },
  "metadataStartModel": {
    "metadatas": [
      {
        "kind": "Setting"
      },
      {
        "name": "connectionId",
        "kind": "DesignTimeManifest"
      },
      {
        "name": "endpoint",
        "kind": "DesignTimeManifest"
      },
      {
        "name": "resourceId",
        "kind": "DesignTimeManifest"
      }
    ]
  }
}
