{
  "matchingResourceType": "Microsoft.AppConfiguration/configurationStores",
  "underlyingResourceType": "Microsoft.AppConfiguration/configurationStores",
  "core": { "$ref": "/resourceTypes/appConfig/core.json#/" },
  "selection": { "$ref": "/resourceTypes/appConfig/select.json#/" },
  "provisioning": { "$ref": "/resourceTypes/appConfig/provision.json#/" },
  "deployment": { "$ref": "/resourceTypes/appConfig/deploy.json#/" },
  "configuration": { "$ref": "/resourceTypes/appConfig/configure.json#/" }
}
