{
  "hasDefaultsForAllFields": false,
  "requirements": [
    "vsWebWorkload"
  ],
  "editSteps": [
    {
      "id": "AzDevEnvironmentEditStep",
      "dynamicProperties": []
    }
  ],
  "staticProperties": {
    "TargetId": "AzDevAppService",
    "PersistableTarget": true,
    "LaunchSiteAfterPublish": true
  },
  "dynamicProperties": {
  },
  "persistence": {
    "enabled": true,
    "handlerId": "Pubxml",
    "profileBaseName": "AppService",
    "targetedPropertyNames": {
      "default": [
        "TargetId",
        "ResourceId",
        "ResourceGroup",
        "SiteUrlToLaunchAfterPublish"
      ],
      "private": []
    },
    "preprocessors": [
      {
        "id": "AzDevResource",
        "isRequired": false,
        "arguments": {}
      }
    ]
  }
}
