{
  "hasDefaultsForAllFields": {
    "$ref": "/profileConfigs/edit/azureFunctionAppLinuxWithApi.json#/hasDefaultsForAllFields"
  },
  "requirements": {
    "$ref": "/profileConfigs/edit/azureFunctionAppLinuxWithApi.json#/requirements"
  },
  "editSteps": [
    {
      "$refmerge": "/profileConfigs/edit/azureFunctionAppLinuxWithApi.json#/editSteps"
    },
    {
      "id": "PublishModeEditStep",
      "dynamicProperties": []
    }
  ],
  "staticProperties": {
    "base": {
      "$ref": {
        "path": "/profileConfigs/edit/azureFunctionAppLinuxWithApi.json#/staticProperties",
        "merge": true,
        "override": false
      }
    },
    "AzCli": { "$refmerge": "/definitions/properties.json#/AzCliFunctionAppApiM" },
    "GitHubWorkflowFactoryId": "functionAppApiMWorkflowFactory",
    "GitHubWorkflowTemplatePath": {
      "$ref": "/profileConfigs/edit/azureFunctionAppLinuxWithPublishMode.json#staticProperties/GitHubWorkflowTemplatePath"
    },
    "GitHubWorkflowProvisionedTemplateId": {
      "$ref": "/profileConfigs/edit/azureFunctionAppLinuxWithPublishMode.json#/staticProperties/GitHubWorkflowProvisionedTemplateId"
    },
    "GitHubWorkflowProfilePublishProvider": "azureFunctionAppApiMLinux",
    "GitHubWorkflowProfileVisualFactoryId": "AzureServiceGitWorkflow",
    "HasPublishProfileSecret": true,
    "HasServicePrincipalSecret": true,
    "OnDemandTargetConfigId": "azureFunctionAppLinuxWithApi",
    "OnGitTargetConfigId": "azureFunctionAppLinuxWithApiPublishMode"
  },
  "dynamicProperties": {
    "$ref": "/profileConfigs/edit/azureFunctionAppLinuxWithApi.json#/dynamicProperties"
  },
  "dynamicValues": {
    "api": { "$refmerge": "/profileConfigs/edit/azureFunctionAppLinuxWithApi.json#/dynamicValues" },
    "publishMode": { "$refmerge": "/profileConfigs/edit/azureFunctionAppLinuxWithPublishMode.json#/dynamicValues" }
  },
  "persistence": {
    "handlerId": "Pubyaml",
    "enabled": true,
    "profileBaseName": {
      "$ref": "/profileConfigs/edit/azureFunctionAppLinuxWithPublishMode.json#/persistence/profileBaseName"
    },
    "targetedPropertyNames": {
      "default": [
        { "$refmerge": "/profileConfigs/edit/azureFunctionAppLinuxWithPublishMode.json#/persistence/targetedPropertyNames/default" },
        { "$refmerge": "/definitions/editProperties.json#/APIManagementFunctionAppTargetedProperties" },
        { "$refmerge": "/definitions/editProperties.json#/APIManagementGitHubTargetedProperties" },
        "AzureServicePrincipal",
        "AzureServicePrincipalError",
        "AzureServicePrincipalException",
        "HasPublishProfileSecret",
        "HasServicePrincipalSecret",
        "SiteUrlToLaunchAfterPublish"
      ]
    },
    "preprocessors": [
      {
        "id": "NormalizePathPreprocessor",
        "isRequired": true,
        "arguments": {
          "propertyNames": "ProjectPath,ProjectOutputPath"
        }
      },
      {
        "id": "YamlAzurePreprocessor",
        "isRequired": true,
        "arguments": {}
      },
      {
        "id": "PublishSettingPreprocessor",
        "isRequired": true,
        "arguments": {
          "propertyNames": "SiteUrlToLaunchAfterPublish"
        }
      },
      {
        "id": "ApiManagementPreprocessor",
        "isRequired": true,
        "arguments": {
          "NoApiGitHubWorkflowFactoryId": {
            "$ref": "/profileConfigs/edit/azureFunctionAppLinuxWithPublishMode.json#/staticProperties/GitHubWorkflowFactoryId"
          },
          "NoApiGitHubWorkflowTemplatePath": {
            "$ref": "/profileConfigs/edit/azureFunctionAppLinuxWithPublishMode.json#/staticProperties/GitHubWorkflowTemplatePath"
          },
          "NoApiGitHubWorkflowProvisionedTemplateId": {
            "$ref": "/profileConfigs/edit/azureFunctionAppLinuxWithPublishMode.json#/staticProperties/GitHubWorkflowProvisionedTemplateId"
          }
        }
      },
      {
        "id": "WorkflowSecretPreprocessor",
        "isRequired": true,
        "arguments": {}
      }
    ]
  }
}
