{
  "hasDefaultsForAllFields": {
    "$ref": "/profileConfigs/edit/azureFunctionAppLinux.json#/hasDefaultsForAllFields"
  },
  "requirements": {
    "$ref": "/profileConfigs/edit/azureFunctionAppLinux.json#/requirements"
  },
  "editSteps": [
    {
      "$refmerge": "/profileConfigs/edit/azureFunctionAppLinux.json#/editSteps"
    },
    {
      "id": "PublishModeEditStep",
      "dynamicProperties": []
    }
  ],
  "staticProperties": {
    "AzCli": { "$refmerge": "/definitions/properties.json#/AzCliFunctionApp" },
    "AppServiceKind": "functionapp",
    "AzureServiceCreatedFromHandler": false,
    "ExcludeAppDataProperty": false,
    "IsLinuxAzureService": true,
    "IsZipDeployDefaultMethod": true,
    "IsZipDeploySelectable": false,
    "Launcher": "AppServicePublish",
    "GitHubWorkflowFactoryId": "functionAppWorkflowFactory",
    "GitHubWorkflowProfilePublishProvider": "azureFunctionAppLinux",
    "GitHubWorkflowProfileVisualFactoryId": "AzureServiceGitWorkflow",
    "GitHubWorkflowProvisionedTemplateId": "ms.vss-continuous-delivery-pipeline-templates.dotnetcore-aspnet-functions-linux",
    "GitHubWorkflowTemplatePath": "workflows/azureFunctionAppLinux.yml",
    "HasPublishProfileSecret": true,
    "OnDemandTargetConfigId": "azureFunctionAppLinux",
    "OnGitTargetConfigId": "azureFunctionAppLinuxWithPublishMode",
    "NoAppServiceKindSelection": "Yes",
    "ProfileVisualFactoryId": "AzureFunction",
    "ProjectOutputPath": "published",
    "PublishProvider": "AzureWebSite"
  },
  "dynamicProperties": {
    "$ref": "/profileConfigs/edit/azureFunctionAppLinux.json#/dynamicProperties"
  },
  "dynamicValues": {
    "DotNetCoreVersion": {
      "$ref": "/definitions/editProperties.json#/FunctionsDotNetCoreVersion"
    },
    "DotNetVersionSupportDisposition": {
      "$ref": "/definitions/editProperties.json#/DotNetVersionSupportDisposition"
    },
    "FunctionsInProcDotNetCoreVersion": {
      "$ref": "/definitions/editProperties.json#/FunctionsInProcDotNetCoreVersion"
    },
    "FunctionsInProcDotNetSupportDisposition": {
      "$ref": "/definitions/editProperties.json#/FunctionsInProcDotNetSupportDisposition"
    },
    "FunctionsInProcTfm": {
      "$ref": "/definitions/editProperties.json#/FunctionsInProcTfm"
    },
    "LastUsedBuildConfiguration": {
      "$ref": "/definitions/editProperties.json#/ProjectConfiguration"
    },
    "ProjectPath": {
      "$ref": "/definitions/editProperties.json#/ProjectRelativeDirectory"
    },
    "TargetFrameworks": {
      "$ref": "/definitions/editProperties.json#/TargetFrameworks"
    }
  },
  "persistence": {
    "handlerId": "Pubyaml",
    "enabled": true,
    "profileBaseName": {
      "$ref": "/profileConfigs/edit/azureFunctionAppLinux.json#/persistence/profileBaseName"
    },
    "targetedPropertyNames": {
      "default": [
        "AzureServiceName",
        "AzureServiceResourceGroup",
        "AzureServiceResourceId",
        "AzureServiceResourceType",
        "AzureServiceParentResourceId",
        "AzureServiceSecretPublishProfile",
        "AzureServiceSlotName",
        "AzureServiceSubscriptionId",
        "AzureWebSite",
        "DotNetCoreVersion",
        "DotNetVersionSupportDisposition",
        "FunctionsInProcDotNetCoreVersion",
        "FunctionsInProcDotNetSupportDisposition",
        "GitHubCurrentRepository",
        "GitHubWorkflowFactoryId",
        "GitHubWorkflowTemplatePath",
        "GitHubWorkflowProvisionedTemplateId",
        "HasPublishProfileSecret",
        "IsLinuxAzureService",
        "LastUsedBuildConfiguration",
        "ProjectOutputPath",
        "ProjectPath",
        "TargetFrameworks"
      ]
    },
    "preprocessors": [
      {
        "id": "NormalizePathPreprocessor",
        "isRequired": true,
        "arguments": {
          "propertyNames": "ProjectPath,ProjectOutputPath"
        }
      },
      {
        "id": "YamlAzurePreprocessor",
        "isRequired": true,
        "arguments": {}
      },
      {
        "id": "WorkflowSecretPreprocessor",
        "isRequired": true,
        "arguments": {}
      }
    ]
  }
}
