{
  "hasDefaultsForAllFields": false,
  "requirements": [
    "vsWebWorkload"
  ],
  "editSteps": [
    {
      "id": "ContainerRegistrySelectCreateStep",
      "dynamicProperties": []
    },
    {
      "id": "ContainerBuildEditStep",
      "dynamicProperties": []
    }
  ],
  "staticProperties": {
    "EnableSdkContainerSupport": true,
    "DockerPublish": true,
    "Launcher": "ContainerRegistryPublish",
    "PersistableTarget": true,
    "PublishProvider": "ContainerRegistry",
    "PublishImageTag": "latest",
    "TimeStampOfAssociatedLegacyPublishXmlFile": "",
    "UserName": "",
    "WebPublishMethod": "Custom"
  },
  "dynamicProperties": {
  },
  "dynamicValues": {
    "ContainerBuildType": {
      "$ref": "/definitions/editProperties.json#/ContainerBuildType"
    },
    "HasDockerSupport": {
      "$ref": "/definitions/editProperties.json#/HasDockerSupport"
    },
    "IsARM64Process": {
      "$ref": "/definitions/editProperties.json#/IsARM64Process"
    },
    "LastUsedBuildConfiguration": {
      "$ref": "/definitions/editProperties.json#/ProjectConfiguration"
    },
    "LastUsedPlatform": {
      "$ref": "/definitions/editProperties.json#/PlatformConfiguration"
    },
    "ProjectGuid": {
      "$ref": "/definitions/editProperties.json#/ProjectGuid"
    }
  },
  "persistence": {
    "propertyConfigurations": {
      "UserName": {
        "allowEmpty": true
      },
      "TimeStampOfAssociatedLegacyPublishXmlFile": {
        "allowEmpty": true
      }
    },
    "operations": [
      {
        "kind": "create",
        "publishMethod": "Custom",
        "handlerId": "Pubxml",
        "profileBaseName": "ContainerRegistry",
        "targetedPropertyNames": {
          "default": [
            "WebPublishMethod",
            "DockerPublish",
            "ResourceId",
            "ResourceName",
            "ResourceGroup",
            "Subscription",
            "RegistryUrl",
            "UserName",
            "PublishImageTag",
            "PublishProvider",
            "LastUsedBuildConfiguration",
            "LastUsedPlatform",
            "ProjectGuid",
            "_TargetId"
          ],
          "private": [
            "TimeStampOfAssociatedLegacyPublishXmlFile"
          ]
        },
        "preprocessors": [
          {
            "id": "AzureEntityPreprocessor",
            "isRequired": true,
            "arguments": {
              "primaryStepId": "ContainerRegistryStepId"
            }
          }
        ]
      },
      {
        "kind": "associateInstance",
        "publishMethod": "Custom",
        "handlerId": "Pubxml",
        "profileBaseName": "ContainerRegistry",
        "targetedPropertyNames": {
          "default": [
            { "$refmerge": "/definitions/editProperties.json#/HostingDockerPublish" }
          ],
          "private": []
        },
        "preprocessors": [
          {
            "id": "AzureEntityPreprocessor",
            "isRequired": true,
            "arguments": {
              "primaryStepId": "ContainerRegistryStepId"
            }
          }
        ]
      },
      {
        "kind": "create",
        "publishMethod": "Container",
        "handlerId": "Pubxml",
        "profileBaseName": "ContainerRegistry",
        "targetedPropertyNames": {
          "default": [
            "WebPublishMethod",
            "ContainerPublishMethod",
            "ResourceId",
            "ResourceName",
            "ResourceGroup",
            "Subscription",
            "RegistryUrl",
            "UserName",
            "PublishImageTag",
            "PublishProvider",
            "LastUsedBuildConfiguration",
            "LastUsedPlatform",
            "RuntimeIdentifier",
            "ProjectGuid",
            "_IsDockerfilePresent",
            "_TargetId"
          ],
          "private": [
            "TimeStampOfAssociatedLegacyPublishXmlFile"
          ]
        },
        "preprocessors": [
          {
            "id": "AzureEntityPreprocessor",
            "isRequired": true,
            "arguments": {
              "primaryStepId": "ContainerRegistryStepId"
            }
          },
          {
            "id": "ContainerPublishMethodPreprocessor",
            "isRequired": true,
            "arguments": {}
          }
        ]
      }
    ]
  }
}
