{
  "hasDefaultsForAllFields": {
    "$ref": "/profileConfigs/edit/azureContainerAppLinux.json#/hasDefaultsForAllFields"
  },
  "requirements": {
    "$ref": "/profileConfigs/edit/azureContainerAppLinux.json#/requirements"
  },
  "editSteps": [
    {
      "$refmerge": "/profileConfigs/edit/azureContainerAppLinux.json#/editSteps"
    },
    {
      "id": "PublishModeEditStep",
      "dynamicProperties": []
    }
  ],
  "staticProperties": {
    "AzCli": { "$refmerge": "/definitions/properties.json#/AzCliContainerApp" },
    "AzureServiceCreatedFromHandler": false,
    "EnableSdkContainerSupport": true,
    "ExcludeAppDataProperty": false,
    "IsLinuxAzureService": true,
    "Launcher": "AppServicePublish",
    "GitHubWorkflowFactoryId": "containerAppWorkflowFactory",
    "GitHubWorkflowProfilePublishProvider": "azureContainerAppLinux",
    "GitHubWorkflowProfileVisualFactoryId": "AzureServiceGitWorkflow",
    "GitHubWorkflowTemplatePath": "workflows/azureContainerAppLinux.yml",
    "HasContainerRegistrySecret": true,
    "HasServicePrincipalSecret": true,
    "OnDemandTargetConfigId": "azureContainerAppLinux",
    "OnGitTargetConfigId": "azureContainerAppLinuxWithPublishMode",
    "ProfileVisualFactoryId": "AzureContainerApp",
    "ProjectOutputPath": "published",
    "PublishProvider": "ContainerApp"
  },
  "dynamicValues": {
    "ContainerBuildType": {
      "$ref": "/definitions/editProperties.json#/ContainerBuildType"
    },
    "DockerFilePath": {
      "$ref": "/definitions/editProperties.json#/DockerFilePath"
    },
    "DotNetCoreVersion": {
      "$ref": "/definitions/editProperties.json#/ContainerSdkDotNetVersion"
    },
    "DotNetVersionSupportDisposition": {
      "$ref": "/definitions/editProperties.json#/ContainerSdkDotNetSupportDisposition"
    },
    "HasDockerSupport": {
      "$ref": "/definitions/editProperties.json#/HasDockerSupport"
    },
    "IsARM64Process": {
      "$ref": "/definitions/editProperties.json#/IsARM64Process"
    },
    "ProjectNameForDocker": {
      "$ref": "/definitions/editProperties.json#/ProjectNameForDocker"
    },
    "ProjectPath": {
      "$ref": "/definitions/editProperties.json#/ProjectRelativeDirectory"
    }
  },
  "persistence": {
    "handlerId": "Pubyaml",
    "enabled": true,
    "profileBaseName": "ContainerApp",
    "targetedPropertyNames": {
      "default": [
        "AzureServiceName",
        "AzureServiceName_ContainerRegistry",
        "AzureServiceParentResourceId",
        "AzureServicePrincipal",
        "AzureServiceResourceGroup",
        "AzureServiceResourceId",
        "AzureServiceResourceType",
        "AzureServiceSecretPublishProfile",
        "AzureServiceSlotName",
        "AzureServiceSubscriptionId",
        "AzureWebSite",
        "ContainerName",
        "ContainerRegistryLoginServer_ContainerRegistry",
        "ContainerRegistrySecret",
        "DockerFilePath",
        "DotNetCoreVersion",
        "DotNetVersionSupportDisposition",
        "GitHubCurrentRepository",
        "GitHubWorkflowFactoryId",
        "GitHubWorkflowProvisionedTemplateId",
        "GitHubWorkflowTemplatePath",
        "HasContainerRegistrySecret",
        "HasServicePrincipalSecret",
        "LastUsedBuildConfiguration",
        "RuntimeIdentifier",
        "ProjectNameForDocker",
        "ProjectOutputPath",
        "ProjectPath",
        "TargetFrameworks"
      ]
    },
    "preprocessors": [
      {
        "id": "NormalizePathPreprocessor",
        "isRequired": true,
        "arguments": {
          "propertyNames": "ProjectPath,ProjectOutputPath"
        }
      },
      {
        "id": "YamlAzurePreprocessor",
        "isRequired": true,
        "arguments": {
          "primaryStepId": "ContainerAppSelectCreateStep"
        }
      },
      {
        "id": "YamlAzurePreprocessor",
        "isRequired": true,
        "arguments": {
          "primaryStepId": "ContainerRegistrySelectCreateStep",
          "outputPropertySuffix": "_ContainerRegistry"
        }
      },
      {
        "id": "WorkflowSecretPreprocessor",
        "isRequired": true,
        "arguments": {
          "containerRegistryStepId": "ContainerRegistrySelectCreateStep"
        }
      },
      {
        "id": "ContainerBuildGitHubActions",
        "isRequired": true,
        "arguments": {
          "containerBuildWorkflowTemplate": "workflows/azureContainerApp_containerSdk.yml"
        }
      }
    ]
  }
}
