{
  "hasDefaultsForAllFields": { "$ref": "/profileConfigs/edit/azureFunctionAppWindows.json#/hasDefaultsForAllFields" },
  "requirements": { "$ref": "/profileConfigs/edit/azureFunctionAppWindows.json#/requirements" },
  "editSteps": [
    { "$refmerge": "/profileConfigs/edit/azureFunctionAppWindows.json#/editSteps" },
    { "$refmerge": "/definitions/editsteps.json#/APIManagementSelectCreate" }
  ],
  "staticProperties": {
    "$ref": "/profileConfigs/edit/azureFunctionAppWindows.json#/staticProperties"
  },
  "dynamicProperties": {
  },
  "dynamicValues": {
  },
  "persistence": {
    "handlerId": "Pubxml",
    "profileBaseName": "FunctionApp",
    "targetedPropertyNames": {
      "default": [
        { "$refmerge": "/profileConfigs/edit/azureFunctionAppWindows.json#/persistence/targetedPropertyNames/default" },
        { "$refmerge": "/definitions/editProperties.json#/APIManagementFunctionAppTargetedProperties" }
      ],
      "private": { "$ref": "/profileConfigs/edit/azureFunctionAppWindows.json#/persistence/targetedPropertyNames/private" }
    },
    "preprocessors": { "$ref": "/profileConfigs/edit/azureFunctionAppWindows.json#/persistence/preprocessors" }
  }
}
