{
  "hasDefaultsForAllFields": false,
  "requirements": [
    "vsWebWorkload"
  ],
  "editSteps": [
    {
      "id": "SpringCloudSelectCreateStep",
      "dynamicProperties": []
    }
  ],
  "staticProperties": {
    "AzureServiceCreatedFromHandler": true,
    "Launcher": "SpringCloudPublish",
    "ProfileVisualFactoryId": "SpringCloudSteelToe",
    "PublishProvider": "SpringCloudSteelToe",
    "IsLinux": true
  },
  "dynamicProperties": {
  },
  "dynamicValues": {
    "LastUsedBuildConfiguration": {
      "$ref": "/definitions/editProperties.json#/ProjectConfiguration"
    },
    "LastUsedPlatform": {
      "$ref": "/definitions/editProperties.json#/PlatformConfiguration"
    }
  },
  "persistence": {
    "enabled": true,
    "handlerId": "Pubxml",
    "profileBaseName": "SpringCloud",
    "targetedPropertyNames": {
      "default": [
        "DeploymentName",
        "IsLinux",
        "LastUsedBuildConfiguration",
        "LastUsedPlatform",
        "LaunchSiteAfterPublish",
        "ProjectGuid",
        "PublishProvider",
        "ResourceGroup",
        "ResourceId",
        "SiteUrlToLaunchAfterPublish"
      ],
      "private": [
      ]
    },
    "preprocessors": [
    ]
  }
}
