{
  "hasDefaultsForAllFields": false,
  "requirements": [
    "vsWebWorkload"
  ],
  "editSteps": [
    {
      "id": "AzureKubernetesServiceSelectCreate",
      "dynamicProperties": []
    },
    {
      "id": "ContainerRegistrySelectCreateStep",
      "dynamicProperties": []
    },
    {
      "id": "SolutionProjectsEditSteps",
      "dynamicProperties": []
    }
  ],
  "staticProperties": {
    "AzCli": { "$refmerge": "/definitions/properties.json#/AzCliKubernetesService" },
    "AzureServiceCreatedFromHandler": true,
    "DeploymentManifestPath": "[./manifests/deployment.yml]",
    "DotNetCoreVersion": "7.0.x",
    "GitHubWorkflowFactoryId": "kubernetesServiceWorkflowFactory",
    "GitHubWorkflowProfilePublishProvider": "azureKubernetesService",
    "GitHubWorkflowProfileVisualFactoryId": "AzureServiceGitWorkflow",
    "HasContainerRegistrySecret": true,
    "HasServicePrincipalSecret": true,
    "IsContainerRegistryRequired": true,
    "IsDotNetCoreWeb": true,
    "IsZipDeploySelectable": false,
    "LastUsedBuildConfiguration": "Release",
    "OnDemandTargetConfigId": "azureKubernetesServiceSolution",
    "PersistableTarget": true,
    "ProfileVisualFactoryId": "AzureServiceGitWorkflow",
    "PublishProvider": "AzureKubernetesService",
    "TargetConfigId": "azureKubernetesServiceSolution",
    "WebPublishMethod": "Git"
  },
  "dynamicProperties": {
  },
  "dynamicValues": {
  },
  "persistence": {
    "operations": [
      {
        "kind": "create",
        "publishMethod": "Git",
        "handlerId": "Pubyaml",
        "profileBaseName": "StaticWebApp",
        "targetedPropertyNames": {
          "default": [
            "AzureServiceName",
            "AzureServiceName_ContainerRegistry",
            "AzureServicePrincipal",
            "AzureServiceResourceGroup",
            "AzureServiceResourceId",
            "AzureServiceResourceType",
            "AzureServiceSubscriptionId",
            "ContainerName",
            "ContainerRegistryLoginServer_ContainerRegistry",
            "ContainerRegistrySecret",
            "DeployableProjects",
            "DeploymentManifestPath",
            "DotNetCoreVersion",
            "GitHubCurrentRepository",
            "GitHubWorkflowFactoryId",
            "HasContainerRegistrySecret",
            "HasServicePrincipalSecret",
            "LastUsedBuildConfiguration",
            "PublishProvider",
            "ProfileId",
            "ProfileVisualFactoryId",
            "ResourceId",
            "ResourceGroup",
            "Source"
          ]
        },
        "preprocessors": [
          {
            "id": "NormalizePathPreprocessor",
            "isRequired": true,
            "arguments": {
              "propertyNames": "ProjectPath,ProjectOutputPath"
            }
          },
          {
            "id": "YamlAzurePreprocessor",
            "isRequired": true,
            "arguments": {
              "primaryStepId": "AzureKubernetesService"
            }
          },
          {
            "id": "YamlAzurePreprocessor",
            "isRequired": true,
            "arguments": {
              "primaryStepId": "ContainerRegistrySelectCreateStep",
              "outputPropertySuffix": "_ContainerRegistry"
            }
          },
          {
            "id": "WorkflowSecretPreprocessor",
            "isRequired": true,
            "arguments": {
              "containerRegistryStepId": "ContainerRegistrySelectCreateStep"
            }
          }
        ]
      }
    ]
  }
}
