{
  "hasDefaultsForAllFields": false,
  "requirements": [
    "vsWebWorkload"
  ],
  "editSteps": [
    {
      "id": "FunctionAppSelectCreateStep",
      "dynamicProperties": []
    },
    {
      "id": "ContainerRegistrySelectCreateStep",
      "dynamicProperties": []
    }
  ],
  "staticProperties": {
    "AppServiceKind": "functionapp",
    "ExcludeAppDataProperty": false,
    "FunctionAppSubType": "FunctionsAppService",
    "IsContainerRegistryRequired": true,
    "IsLinuxAzureService": true,
    "IsZipDeployDefaultMethod": false,
    "IsZipDeploySelectable": false,
    "Launcher": "AppServicePublish",
    "NoAppServiceKindSelection": "Yes",
    "ProfileVisualFactoryId": "AzureFunctionContainer",
    "PublishProvider": "FunctionsContainer",
    "SKUMatchingValue": 6
  },
  "dynamicProperties": {
  },
  "persistence": {
    "handlerId": "Pubxml",
    "profileBaseName": "FunctionApp",
    "targetedPropertyNames": {
      "default": [
        "DeployIisAppPath",
        "EnableMSDeployBackup",
        "EnableMsDeployAppOffline",
        "ExcludeApp_Data",
        "LastUsedBuildConfiguration",
        "LastUsedPlatform",
        "LaunchSiteAfterPublish",
        "MSDeployPublishMethod",
        "MSDeployServiceURL",
        "PublishProvider",
        "PublishUrl",
        "ResourceId",
        "SavePWD",
        "SiteUrlToLaunchAfterPublish",
        "SkipExtraFilesOnServer",
        "UserName",
        "WebPublishMethod"
      ],
      "private": [
        "EncryptedPassword"
      ],
      "hostingDockerContainerPublish": [
        { "$refmerge": "/definitions/editProperties.json#/HostingFunctionAppDockerContainerPublish" }
      ]
    },
    "preprocessors": [
      {
        "id": "FunctionsPublishModelPreprocessor",
        "isRequired": true,
        "arguments": {}
      }
    ]
  }
}
