{
  "hasDefaultsForAllFields": {
    "$ref": "/profileConfigs/edit/azureAppServiceWindows.json#/hasDefaultsForAllFields"
  },
  "requirements": {
    "$ref": "/profileConfigs/edit/azureAppServiceWindows.json#/requirements"
  },
  "editSteps": [
    {
      "$refmerge": "/profileConfigs/edit/azureAppServiceWindows.json#/editSteps"
    },
    {
      "id": "PublishModeEditStep",
      "dynamicProperties": []
    }
  ],
  "staticProperties": {
    "AzCli": { "$refmerge": "/definitions/properties.json#/AzCliAppService" },
    "AppServiceKind": "app",
    "AzureServiceCreatedFromHandler": false,
    "ExcludeAppDataProperty": false,
    "GitHubWorkflowFactoryId": "appServiceWorkflowFactory",
    "GitHubWorkflowProfilePublishProvider": "azureAppServiceWindows",
    "GitHubWorkflowProfileVisualFactoryId": "AzureServiceGitWorkflow",
    "GitHubWorkflowTemplatePath": "workflows/azureAppServiceWindows.yml",
    "GitHubWorkflowProvisionedTemplateId": "ms.vss-continuous-delivery-pipeline-templates.dotnetcore-web-windowswebapp-vside-github",
    "HasPublishProfileSecret": true,
    "IsDotNetCoreWeb": true,
    "IsLinuxAzureService": false,
    "IsZipDeployDefaultMethod": false,
    "IsZipDeploySelectable": true,
    "Launcher": "AppServicePublish",
    "OnDemandTargetConfigId": "azureAppServiceWindows",
    "OnGitTargetConfigId": "azureAppServiceWindowsWithPublishMode",
    "ProfileVisualFactoryId": "AzureAppService",
    "ProjectOutputPath": "published",
    "PublishProvider": "AzureWebSite",
    "WebPublishMethod": "MSDeploy"
  },
  "dynamicProperties": {
    "$ref": "/profileConfigs/edit/azureAppServiceWindows.json#/dynamicProperties"
  },
  "dynamicValues": {
    "DotNetCoreVersion": {
      "$ref": "/definitions/editProperties.json#/AppServiceDotNetCoreVersion"
    },
    "LastUsedBuildConfiguration": {
      "$ref": "/definitions/editProperties.json#/ProjectConfiguration"
    },
    "ProjectPath": {
      "$ref": "/definitions/editProperties.json#/ProjectRelativeDirectory"
    },
    "DotNetVersionSupportDisposition": {
      "$ref": "/definitions/editProperties.json#/DotNetVersionSupportDisposition"
    },
    "TargetFrameworks": {
      "$ref": "/definitions/editProperties.json#/TargetFrameworks"
    }
  },
  "persistence": {
    "handlerId": "Pubyaml",
    "enabled": true,
    "profileBaseName": {
      "$ref": "/profileConfigs/edit/azureAppServiceWindows.json#/persistence/profileBaseName"
    },
    "targetedPropertyNames": {
      "default": [
        "AzureServiceName",
        "AzureServiceResourceGroup",
        "AzureServiceParentResourceId",
        "AzureServiceResourceId",
        "AzureServiceResourceType",
        "AzureServiceSecretPublishProfile",
        "AzureServiceSlotName",
        "AzureServiceSubscriptionId",
        "AzureWebSite",
        "DotNetCoreVersion",
        "DotNetVersionSupportDisposition",
        "GitHubCurrentRepository",
        "GitHubWorkflowFactoryId",
        "GitHubWorkflowTemplatePath",
        "GitHubWorkflowProvisionedTemplateId",
        "HasPublishProfileSecret",
        "IsLinuxAzureService",
        "LastUsedBuildConfiguration",
        "ProjectOutputPath",
        "ProjectPath",
        "TargetFrameworks"
      ]
    },
    "preprocessors": [
      {
        "id": "NormalizePathPreprocessor",
        "isRequired": true,
        "arguments": {
          "propertyNames": "ProjectPath,ProjectOutputPath"
        }
      },
      {
        "id": "YamlAzurePreprocessor",
        "isRequired": true,
        "arguments": {}
      },
      {
        "id": "WorkflowSecretPreprocessor",
        "isRequired": true,
        "arguments": {}
      }
    ]
  }
}
