{
  "hasDefaultsForAllFields": { "$ref": "/profileConfigs/edit/azureAppServiceWindows.json#/hasDefaultsForAllFields" },
  "requirements": { "$ref": "/profileConfigs/edit/azureAppServiceWindows.json#/requirements" },
  "editSteps": [
    { "$refmerge": "/profileConfigs/edit/azureAppServiceWindows.json#/editSteps" },
    { "$refmerge": "/definitions/editsteps.json#/APIManagementSelectCreate" }
  ],
  "staticProperties": { "$ref": "/profileConfigs/edit/azureAppServiceWindows.json#/staticProperties" },
  "dynamicProperties": { "$ref": "/profileConfigs/edit/azureAppServiceWindows.json#/dynamicProperties" },
  "persistence": {
    "handlerId": { "$ref": "/profileConfigs/edit/azureAppServiceWindows.json#/persistence/handlerId" },
    "profileBaseName": { "$ref": "/profileConfigs/edit/azureAppServiceWindows.json#/persistence/profileBaseName" },
    "targetedPropertyNames": {
      "default": [
        { "$refmerge": "/profileConfigs/edit/azureAppServiceWindows.json#/persistence/targetedPropertyNames/default" },
        { "$refmerge": "/definitions/editProperties.json#/APIManagementAppServiceTargetedProperties" }
      ],
      "private": { "$ref": "/profileConfigs/edit/azureAppServiceWindows.json#/persistence/targetedPropertyNames/private" }
    },
    "preprocessors": { "$ref": "/profileConfigs/edit/azureAppServiceWindows.json#/persistence/preprocessors" }
  }
}
