{
  "hasDefaultsForAllFields": false,
  "requirements": [
    "vsWebWorkload"
  ],
  "editSteps": [
    {
      "id": "VirtualMachineSelectCreateStep",
      "dynamicProperties": []
    }
  ],
  "staticProperties": {
    "ExcludeAppDataProperty": false,
    "ProfileVisualFactoryId": "AzureVM",
    "PublishProvider": "AzureVirtualMachine"
  },
  "dynamicProperties": {
  },
  "persistence": {
    "handlerId": "Pubxml",
    "profileBaseName": "AppService",
    "targetedPropertyNames": {
      "default": [
        "DeployIisAppPath",
        "EnableMSDeployBackup",
        "LaunchSiteAfterPublish",
        "LastUsedBuildConfiguration",
        "LastUsedPlatform",
        "MsDeployPublishMethod",
        "MsDeployServiceUrl",
        "ProjectGuid",
        "PublishProvider",
        "RemoteSitePhysicalPath",
        "SiteUrlToLaunchAfterPublish",
        "SavePWD",
        "SkipExtraFilesOnServer",
        "UserName",
        "WebPublishMethod"
      ],
      "private": [
      ]
    },
    "preprocessors": [
    ]
  }
}
