{
  "hasDefaultsForAllFields": false,
  "requirements": [
    "vsWebWorkload"
  ],
  "editSteps": [
    {
      "id": "AppServiceSelectCreate",
      "dynamicProperties": []
    }
  ],
  "staticProperties": {
    "AppServiceKind": "app",
    "CreateNewText": {
      "$ref": "strings:#/azureWebJobsCreateNewText"
    },
    "ExcludeAppDataProperty": false,
    "IsDotNetCoreWeb": false,
    "IsZipDeployDefaultMethod": false,
    "IsZipDeploySelectable": false,
    "Launcher": "AppServicePublish",
    "NoAppServiceKindSelection": "Yes",
    "ProfileVisualFactoryId": "AzureWebJob",
    "PublishProvider": "AzureWebSite",
    "SelectCreateStepDescription": {
      "$ref": "strings:#/azureWebJobsDescription"
    },
    "SelectCreateStepName": {
      "$ref": "strings:#/azureWebJobsTargetName"
    },
    "WebPublishMethod": "MSDeploy"
  },
  "dynamicProperties": {
  },
  "persistence": {
    "handlerId": "Pubxml",
    "profileBaseName": "AppService",
    "targetedPropertyNames": {
      "default": [
        "DeployIisAppPath",
        "EnableMsDeployAppOffline",
        "EnableMSDeployBackup",
        "ExcludeApp_Data",
        "LaunchSiteAfterPublish",
        "LastUsedBuildConfiguration",
        "LastUsedPlatform",
        "MSDeployPublishMethod",
        "MSDeployServiceURL",
        "PublishProvider",
        "ResourceId",
        "SiteUrlToLaunchAfterPublish",
        "UserName",
        "SavePWD",
        "SkipExtraFilesOnServer",
        "WebJobName",
        "WebJobType"
      ],
      "private": [
        "EncryptedPassword"
      ]
    },
    "preprocessors": [
    ]
  }
}
