{
  "hasDefaultsForAllFields": {
    "$ref": "/profileConfigs/edit/azureAppServiceLinuxWithApi.json#/hasDefaultsForAllFields"
  },
  "requirements": {
    "$ref": "/profileConfigs/edit/azureAppServiceLinuxWithApi.json#/requirements"
  },
  "editSteps": [
    {
      "$refmerge": "/profileConfigs/edit/azureAppServiceLinuxWithApi.json#/editSteps"
    },
    {
      "id": "PublishModeEditStep",
      "dynamicProperties": []
    }
  ],
  "staticProperties": {
    "AzCli": { "$refmerge": "/definitions/properties.json#/AzCliAppServiceApiM" },
    "ApiSpecificationFile": "swagger.json",
    "AppServiceKind": "app",
    "AzureServiceCreatedFromHandler": false,
    "DoNotUseSPN": "true",
    "ExcludeAppDataProperty": false,
    "GitHubWorkflowFactoryId": "appServiceApiMWorkflowFactory",
    "GitHubWorkflowProfilePublishProvider": "azureAppServiceApiMLinux",
    "GitHubWorkflowProfileVisualFactoryId": "AzureServiceGitWorkflow",
    "GitHubWorkflowTemplatePath": "workflows/azureAppServiceApiMLinux.yml",
    "GitHubWorkflowProvisionedTemplateId": "ms.vss-continuous-delivery-pipeline-templates.dotnetcore-aspnet-linuxwebapp-apim",
    "HasPublishProfileSecret": true,
    "HasServicePrincipalSecret" : true,
    "IsDotNetCoreWeb": true,
    "IsLinuxAzureService": true,
    "IsZipDeployDefaultMethod": true,
    "IsZipDeploySelectable": false,
    "Launcher": "AppServicePublish",
    "LanguageVersion": "net5.0",
    "OnDemandTargetConfigId": "azureAppServiceLinuxWithApi",
    "OnGitTargetConfigId": "azureAppServiceLinuxWithApiPublishMode",
    "ProfileVisualFactoryId": "AzureAppService",
    "ProjectOutputPath": "publish",
    "PublishProvider": "AzureWebSite",
    "SwashBuckleAspNetCoreCliVersion": "5.6.3",
    "SwashBuckleDotNetCoreVersion": "3.1.x",
    "WebPublishMethod": "MSDeploy"
  },
  "dynamicProperties": {
    "$ref": "/profileConfigs/edit/azureAppServiceLinuxWithApi.json#/dynamicProperties"
  },
  "dynamicValues": {
    "DotNetCoreVersion": {
      "$ref": "/definitions/editProperties.json#/AppServiceDotNetCoreVersion"
    },
    "LastUsedBuildConfiguration": {
      "$ref": "/definitions/editProperties.json#/ProjectConfiguration"
    },
    "LastUsedPlatform": {
      "$ref": "/definitions/editProperties.json#/PlatformConfiguration"
    },
    "ProjectPath": {
      "$ref": "/definitions/editProperties.json#/ProjectRelativeDirectory"
    },
    "DotNetVersionSupportDisposition": {
      "$ref": "/definitions/editProperties.json#/DotNetVersionSupportDisposition"
    },
    "TargetFrameworks": {
      "$ref": "/definitions/editProperties.json#/TargetFrameworks"
    }
  },
  "persistence": {
    "handlerId": "Pubyaml",
    "enabled": true,
    "profileBaseName": {
      "$ref": "/profileConfigs/edit/azureAppServiceLinuxWithApi.json#/persistence/profileBaseName"
    },
    "targetedPropertyNames": {
      "default": [
        { "$refmerge": "/definitions/editProperties.json#/APIManagementGitHubTargetedProperties" },
        "ApiImportDllPath",
        "ApiSpecificationFile",
        "AzureServiceName",
        "AzureServiceResourceGroup",
        "AzureServiceResourceId",
        "AzureServiceResourceType",
        "AzureServiceParentResourceId",
        "AzureServicePrincipal",
        "AzureServicePrincipalError",
        "AzureServicePrincipalException",
        "AzureServiceSecretPublishProfile",
        "AzureServiceSlotName",
        "AzureServiceSubscriptionId",
        "AppServiceUrl",
        "AzureWebSite",
        "DotNetCoreVersion",
        "DotNetVersionSupportDisposition",
        "DoNotUseSPN",
        "GitHubCurrentRepository",
        "GitHubWorkflowFactoryId",
        "GitHubWorkflowTemplatePath",
        "GitHubWorkflowProvisionedTemplateId",
        "HasPublishProfileSecret",
        "HasServicePrincipalSecret",
        "IsLinuxAzureService",
        "LanguageVersion",
        "LastUsedBuildConfiguration",
        "OpenApiDocumentName",
        "ProjectName",
        "ProjectOutputPath",
        "ProjectPath",
        "SiteUrlToLaunchAfterPublish",
        "SwashBuckleAspNetCoreCliVersion",
        "SwashBuckleDotNetCoreVersion",
        "TargetFrameworks"
      ]
    },
    "preprocessors": [
      {
        "id": "YamlAzurePreprocessor",
        "isRequired": true,
        "arguments": {}
      },
      {
        "id": "PublishSettingPreprocessor",
        "isRequired": true,
        "arguments": {
          "propertyNames": "SiteUrlToLaunchAfterPublish"
        }
      },
      {
        "id": "ApiManagementPreprocessor",
        "isRequired": true,
        "arguments": {
          "NoApiGitHubWorkflowFactoryId": {
            "$ref": "/profileConfigs/edit/azureAppServiceLinuxWithPublishMode.json#/staticProperties/GitHubWorkflowFactoryId"
          },
          "NoApiGitHubWorkflowTemplatePath": {
            "$ref": "/profileConfigs/edit/azureAppServiceLinuxWithPublishMode.json#/staticProperties/GitHubWorkflowTemplatePath"
          },
          "NoApiGitHubWorkflowProvisionedTemplateId": {
            "$ref": "/profileConfigs/edit/azureAppServiceLinuxWithPublishMode.json#/staticProperties/GitHubWorkflowProvisionedTemplateId"
          }
        }
      },
      {
        "id": "WorkflowSecretPreprocessor",
        "isRequired": true,
        "arguments": {}
      },
      {
        "id": "NormalizePathPreprocessor",
        "isRequired": true,
        "arguments": {
          "propertyNames": "ProjectPath,ProjectOutputPath,ApiImportDllPath"
        }
      }
    ]
  }
}
