{
  "hasDefaultsForAllFields": false,
  "requirements": [
    "vsWebWorkload"
  ],
  "editSteps": [
    {
      "id": "AzureStaticWebAppSelectCreate",
      "dynamicProperties": []
    }
  ],
  "staticProperties": {
    "AzureServiceCreatedFromHandler": true,
    "Environment": "preview",
    "IsDotNetCoreWeb": true,
    "IsZipDeploySelectable": false,
    "OutputLocation": "wwwroot",
    "PersistableTarget": true,
    "PublishProvider": "AzureStaticSite",
    "RuntimeIdentifier": "browser-wasm",
    "SelfContained": true,
    "WebPublishMethod": "SWACLI"
  },
  "dynamicProperties": {
  },
  "dynamicValues": {
    "LastUsedBuildConfiguration": {
      "$ref": "/definitions/editProperties.json#/ProjectConfiguration"
    },
    "LastUsedPlatform": {
      "$ref": "/definitions/editProperties.json#/PlatformConfiguration"
    }
  },
  "persistence": {
    "operations": [
      {
        "kind": "create",
        "publishMethod": "SWACLI",
        "handlerId": "Pubxml",
        "profileBaseName": "StaticWebApp",
        "targetedPropertyNames": {
          "default": [
            "WebPublishMethod",
            "ResourceId",
            "ResourceGroup",
            "LastUsedBuildConfiguration",
            "LastUsedPlatform",
            "RuntimeIdentifier",
            "SelfContained",
            "PublishProvider",
            "Environment",
            "Source",
            "OutputLocation",
            "SiteUrlToLaunchAfterPublish",
            "_TargetId"
          ],
          "private": []
        },
        "preprocessors": [
          {
            "id": "AzureEntityPreprocessor",
            "isRequired": true,
            "arguments": {}
          },
          {
            "id": "AzureStaticWebAppPreprocessor",
            "isRequired": true,
            "arguments": {}
          }
        ]
      }
    ]
  }
}
