{
  "hasDefaultsForAllFields": true,
  "editSteps": [
    {
      "id": "FolderEditStep",
      "dynamicProperties": []
    }
  ],
  "staticProperties": {
    "AzureServiceCreatedFromHandler": true,
    "PersistableTarget": true,
    "PublishProtocol": "FileSystem",
    "WebPublishMethod": "FileSystem"
  },
  "dynamicProperties": {
  },
  "dynamicValues": {
    "Configuration": {
      "$ref": "/definitions/editProperties.json#/Configuration"
    },
    "Platform": {
      "$ref": "/definitions/editProperties.json#/Platform"
    },
    "PublishDirectoryPath": {
      "$ref": "/definitions/editProperties.json#/PublishDirectoryPath"
    }
  },
  "persistence": {
    "operations": [
      {
        "kind": "create",
        "publishMethod": "FileSystem",
        "handlerId": "Pubxml",
        "profileBaseName": "FolderProfile",
        "targetedPropertyNames": {
          "default": [
            "Configuration",
            "Platform",
            "PublishDir",
            "PublishProtocol",
            "_TargetId"
          ],
          "private": []
        },
        "preprocessors": []
      }
    ]
  }
}
