{
  "hasDefaultsForAllFields": true,
  "editSteps": [
    {
      "id": "FolderEditStep",
      "dynamicProperties": []
    }
  ],
  "staticProperties": {
    "AzureServiceCreatedFromHandler": true,
    "DeleteExistingFiles": false,
    "ExcludeApp_Data": false,
    "LaunchSiteAfterPublish": true,
    "PersistableTarget": true,
    "PublishProvider": "FileSystem",
    "WebPublishMethod": "FileSystem"
  },
  "dynamicProperties": {
  },
  "dynamicValues": {
    "LastUsedBuildConfiguration": {
      "$ref": "/definitions/editProperties.json#/ProjectConfiguration"
    },
    "LastUsedPlatform": {
      "$ref": "/definitions/editProperties.json#/PlatformConfiguration"
    },
    "PublishDirectoryPath": {
      "$ref": "/definitions/editProperties.json#/PublishDirectoryPath"
    }
  },
  "persistence": {
    "operations": [
      {
        "kind": "create",
        "publishMethod": "FileSystem",
        "handlerId": "PubxmlWebsite",
        "profileBaseName": "FolderProfile",
        "targetedPropertyNames": {
          "default": [
            "DeleteExistingFiles",
            "ExcludeApp_Data",
            "LastUsedBuildConfiguration",
            "LastUsedPlatform",
            "LaunchSiteAfterPublish",
            "PublishProvider",
            "PublishUrl",
            "WebPublishMethod",
            "_TargetId"
          ]
        },
        "preprocessors": []
      }
    ]
  }
}
