{
  "version": "1.0.0",
  "targets": [
    {
      "id": "AzDevAppService",
      "display": {
        "$ref": "/targets/azdevAppService.json#/model"
      },
      "appliesTo": {
        "$ref": "/targets/azdevAppService.json#/appliesTo"
      }
    },
    {
      "id": "AzureAppServiceApiMGitWorkflowLinux",
      "display": {
        "$ref": "/targets/azureAppServiceApiMGitWorkflowLinux.json#/model"
      },
      "appliesTo": {
        "$ref": "/targets/azureAppServiceApiMGitWorkflowLinux.json#/appliesTo"
      }
    },
    {
      "id": "AzureAppServiceApiMGitWorkflowWindows",
      "display": {
        "$ref": "/targets/azureAppServiceApiMGitWorkflowWindows.json#/model"
      },
      "appliesTo": {
        "$ref": "/targets/azureAppServiceApiMGitWorkflowWindows.json#/appliesTo"
      }
    },
    {
      "id": "AzureAppServiceContainerLinux",
      "display": {
        "$ref": "/targets/azureAppServiceContainerLinux.json#/model"
      },
      "appliesTo": {
        "$ref": "/targets/azureAppServiceContainerLinux.json#/appliesTo"
      }
    },
    {
      "id": "AzureAppServiceGitWorkflowLinux",
      "display": {
        "$ref": "/targets/azureAppServiceGitWorkflowLinux.json#/model"
      },
      "appliesTo": {
        "$ref": "/targets/azureAppServiceGitWorkflowLinux.json#/appliesTo"
      }
    },
    {
      "id": "AzureAppServiceGitWorkflowWindows",
      "display": {
        "$ref": "/targets/azureAppServiceGitWorkflowWindows.json#/model"
      },
      "appliesTo": {
        "$ref": "/targets/azureAppServiceGitWorkflowWindows.json#/appliesTo"
      }
    },
    {
      "id": "AzureAppServiceLinux",
      "display": {
        "$ref": "/targets/azureAppServiceLinux.json#/model"
      },
      "appliesTo": {
        "$ref": "/targets/azureAppServiceLinux.json#/appliesTo"
      }
    },
    {
      "id": "AzureAppServiceWindows",
      "display": {
        "$ref": "/targets/azureAppServiceWindows.json#/model"
      },
      "appliesTo": {
        "$ref": "/targets/azureAppServiceWindows.json#/appliesTo"
      }
    },
    {
      "id": "AzureContainerRegistry",
      "display": {
        "$ref": "/targets/azureContainerRegistry.json#/model"
      },
      "appliesTo": {
        "$ref": "/targets/azureContainerRegistry.json#/appliesTo"
      }
    },
    {
      "id": "AzureConsoleContainerRegistry",
      "display": {
        "$ref": "/targets/azureConsoleContainerRegistry.json#/model"
      },
      "appliesTo": {
        "$ref": "/targets/azureConsoleContainerRegistry.json#/appliesTo"
      }
    },
    {
      "id": "AzureContainerAppLinux",
      "display": {
        "$ref": "/targets/azureContainerAppLinux.json#/model"
      },
      "appliesTo": {
        "$ref": "/targets/azureContainerAppLinux.json#/appliesTo"
      }
    },
    {
      "id": "AzureContainerAppGitWorkflowLinux",
      "display": {
        "$ref": "/targets/azureContainerAppGitWorkflowLinux.json#/model"
      },
      "appliesTo": {
        "$ref": "/targets/azureContainerAppGitWorkflowLinux.json#/appliesTo"
      }
    },
    {
      "id": "AzureContainerAppEnvironmentGitWorkflowLinux",
      "display": {
        "$ref": "/targets/azureContainerAppEnvironmentGitWorkflowLinux.json#/model"
      },
      "appliesTo": {
        "$ref": "/targets/azureContainerAppEnvironmentGitWorkflowLinux.json#/appliesTo"
      }
    },
    {
      "id": "AzureFunctionAppContainerLinux",
      "display": {
        "$ref": "/targets/azureFunctionAppContainerLinux.json#/model"
      },
      "appliesTo": {
        "$ref": "/targets/azureFunctionAppContainerLinux.json#/appliesTo"
      }
    },
    {
      "id": "AzureFunctionAppGitWorkflowLinux",
      "display": {
        "$ref": "/targets/azureFunctionAppGitWorkflowLinux.json#/model"
      },
      "appliesTo": {
        "$ref": "/targets/azureFunctionAppGitWorkflowLinux.json#/appliesTo"
      }
    },
    {
      "id": "AzureFunctionAppGitWorkflowWindows",
      "display": {
        "$ref": "/targets/azureFunctionAppGitWorkflowWindows.json#/model"
      },
      "appliesTo": {
        "$ref": "/targets/azureFunctionAppGitWorkflowWindows.json#/appliesTo"
      }
    },
    {
      "id": "AzureFunctionAppLinux",
      "display": {
        "$ref": "/targets/azureFunctionAppLinux.json#/model"
      },
      "appliesTo": {
        "$ref": "/targets/azureFunctionAppLinux.json#/appliesTo"
      }
    },
    {
      "id": "AzureFunctionAppWindows",
      "display": {
        "$ref": "/targets/azureFunctionAppWindows.json#/model"
      },
      "appliesTo": {
        "$ref": "/targets/azureFunctionAppWindows.json#/appliesTo"
      }
    },
    {
      "id": "AzureFunctionAppApiMGitWorkflowLinux",
      "display": {
        "$ref": "/targets/azureFunctionAppApiMGitWorkflowLinux.json#/model"
      },
      "appliesTo": {
        "$ref": "/targets/azureFunctionAppApiMGitWorkflowLinux.json#/appliesTo"
      }
    },
    {
      "id": "AzureFunctionAppApiMGitWorkflowWindows",
      "display": {
        "$ref": "/targets/azureFunctionAppApiMGitWorkflowWindows.json#/model"
      },
      "appliesTo": {
        "$ref": "/targets/azureFunctionAppApiMGitWorkflowWindows.json#/appliesTo"
      }
    },
    {
      "id": "AzureKubernetesServiceGitWorkflow",
      "display": {
        "$ref": "/targets/azureKubernetesServiceGitWorkflow.json#/model"
      },
      "appliesTo": {
        "$ref": "/targets/azureKubernetesServiceGitWorkflow.json#/appliesTo"
      }
    },
    {
      "id": "AzureKubernetesService",
      "display": {
        "$ref": "/targets/azureKubernetesService.json#/model"
      },
      "appliesTo": {
        "$ref": "/targets/azureKubernetesService.json#/appliesTo"
      }
    },
    {
      "id": "AzureSpringCloudSteelToeGitWorkflow",
      "display": {
        "$ref": "/targets/azureSpringCloudSteelToeGitWorkflow.json#/model"
      },
      "appliesTo": {
        "$ref": "/targets/azureSpringCloudSteelToeGitWorkflow.json#/appliesTo"
      }
    },
    {
      "id": "AzureSpringCloudSteelToe",
      "display": {
        "$ref": "/targets/azureSpringCloudSteelToe.json#/model"
      },
      "appliesTo": {
        "$ref": "/targets/azureSpringCloudSteelToe.json#/appliesTo"
      }
    },
    {
      "id": "AzureStaticWebApp",
      "display": {
        "$ref": "/targets/azureStaticWebApp.json#/model"
      },
      "appliesTo": {
        "$ref": "/targets/azureStaticWebApp.json#/appliesTo"
      }
    },
    {
      "id": "AzureStaticWebAppGitWorkflow",
      "display": {
        "$ref": "/targets/azureStaticWebAppGitWorkflow.json#/model"
      },
      "appliesTo": {
        "$ref": "/targets/azureStaticWebAppGitWorkflow.json#/appliesTo"
      }
    },
    {
      "id": "AzureVirtualMachine",
      "display": {
        "$ref": "/targets/azureVirtualMachine.json#/model"
      },
      "appliesTo": {
        "$ref": "/targets/azureVirtualMachine.json#/appliesTo"
      }
    },
    {
      "id": "AzureWebJobs",
      "display": {
        "$ref": "/targets/azureWebJobs.json#/model"
      },
      "appliesTo": {
        "$ref": "/targets/azureWebJobs.json#/appliesTo"
      }
    },
    {
      "id": "Default",
      "display": {
        "$ref": "/targets/default.json#/model"
      },
      "appliesTo": {
        "$ref": "/targets/default.json#/appliesTo"
      }
    },
    {
      "id": "DockerContainerRegistry",
      "display": {
        "$ref": "/targets/dockerContainerRegistry.json#/model"
      },
      "appliesTo": {
        "$ref": "/targets/dockerContainerRegistry.json#/appliesTo"
      }
    },
    {
      "id": "DockerConsoleContainerRegistry",
      "display": {
        "$ref": "/targets/dockerConsoleContainerRegistry.json#/model"
      },
      "appliesTo": {
        "$ref": "/targets/dockerConsoleContainerRegistry.json#/appliesTo"
      }
    },
    {
      "id": "DockerCustomContainerRegistry",
      "display": {
        "$ref": "/targets/dockerCustomContainerRegistry.json#/model"
      },
      "appliesTo": {
        "$ref": "/targets/dockerCustomContainerRegistry.json#/appliesTo"
      }
    },
    {
      "id": "DockerConsoleCustomContainerRegistry",
      "display": {
        "$ref": "/targets/dockerConsoleCustomContainerRegistry.json#/model"
      },
      "appliesTo": {
        "$ref": "/targets/dockerConsoleCustomContainerRegistry.json#/appliesTo"
      }
    },
    {
      "id": "Folder",
      "display": {
        "$ref": "/targets/folder.json#/model"
      },
      "appliesTo": {
        "$ref": "/targets/folder.json#/appliesTo"
      }
    },
    {
      "id": "FTP",
      "display": {
        "$ref": "/targets/ftp.json#/model"
      },
      "appliesTo": {
        "$ref": "/targets/ftp.json#/appliesTo"
      }
    },
    {
      "id": "IISWebDeploy",
      "display": {
        "$ref": "/targets/iisWebDeploy.json#/model"
      },
      "appliesTo": {
        "$ref": "/targets/iisWebDeploy.json#/appliesTo"
      }
    },
    {
      "id": "IISWebDeployPackage",
      "display": {
        "$ref": "/targets/iisWebDeployPackage.json#/model"
      },
      "appliesTo": {
        "$ref": "/targets/iisWebDeployPackage.json#/appliesTo"
      }
    },
    {
      "id": "Import",
      "display": {
        "$ref": "/targets/import.json#/model"
      },
      "appliesTo": {
        "$ref": "/targets/import.json#/appliesTo"
      }
    },
    {
      "id": "NetSDKAzureContainerAppLinux",
      "display": {
        "$ref": "/targets/netSDKAzureContainerAppLinux.json#/model"
      },
      "appliesTo": {
        "$ref": "/targets/netSDKAzureContainerAppLinux.json#/appliesTo"
      }
    },
    {
      "id": "NetSDKAzureContainerRegistry",
      "display": {
        "$ref": "/targets/netSDKAzureContainerRegistry.json#/model"
      },
      "appliesTo": {
        "$ref": "/targets/netSDKAzureContainerRegistry.json#/appliesTo"
      }
    },
    {
      "id": "NetSDKAzureConsoleContainerRegistry",
      "display": {
        "$ref": "/targets/netSDKAzureConsoleContainerRegistry.json#/model"
      },
      "appliesTo": {
        "$ref": "/targets/netSDKAzureConsoleContainerRegistry.json#/appliesTo"
      }
    },
    {
      "id": "NetSDKCustomContainerRegistry",
      "display": {
        "$ref": "/targets/netSDKCustomContainerRegistry.json#/model"
      },
      "appliesTo": {
        "$ref": "/targets/netSDKCustomContainerRegistry.json#/appliesTo"
      }
    },
    {
      "id": "NetSDKConsoleCustomContainerRegistry",
      "display": {
        "$ref": "/targets/netSDKConsoleCustomContainerRegistry.json#/model"
      },
      "appliesTo": {
        "$ref": "/targets/netSDKConsoleCustomContainerRegistry.json#/appliesTo"
      }
    },
    {
      "id": "NetSDKDockerContainerRegistry",
      "display": {
        "$ref": "/targets/netSDKdockerContainerRegistry.json#/model"
      },
      "appliesTo": {
        "$ref": "/targets/netSDKdockerContainerRegistry.json#/appliesTo"
      }
    },
    {
      "id": "NetSDKDockerConsoleContainerRegistry",
      "display": {
        "$ref": "/targets/netSDKDockerConsoleContainerRegistry.json#/model"
      },
      "appliesTo": {
        "$ref": "/targets/netSDKDockerConsoleContainerRegistry.json#/appliesTo"
      }
    }
  ],
  "categories": [
    {
      "id": "Azure",
      "display": {
        "$ref": "/categories/azure.json#/model"
      }
    },
    {
      "id": "ContainerRegistry",
      "display": {
        "$ref": "/categories/containerRegistry.json#/model"
      }
    },
    {
      "id": "Folder",
      "display": {
        "$ref": "/categories/folder.json#/model"
      }
    },
    {
      "id": "FTP",
      "display": {
        "$ref": "/categories/ftp.json#/model"
      }
    },
    {
      "id": "IIS",
      "display": {
        "$ref": "/categories/iis.json#/model"
      }
    },
    {
      "id": "Import",
      "display": {
        "$ref": "/categories/import.json#/model"
      }
    }
  ],
  "configs": {
    "azdevAppService": {
      "$ref": "/profileConfigs/edit/azdevAppService.json"
    },
    "azureAppServiceContainerLinux": {
      "$ref": "/profileConfigs/edit/azureAppServiceContainerLinux.json"
    },
    "azureAppServiceContainerLinuxWithApi": {
      "$ref": "/profileConfigs/edit/azureAppServiceContainerLinuxWithApi.json"
    },
    "azureAppServiceLinux": {
      "$ref": "/profileConfigs/edit/azureAppServiceLinux.json"
    },
    "azureAppServiceLinuxWithApi": {
      "$ref": "/profileConfigs/edit/azureAppServiceLinuxWithApi.json"
    },
    "azureAppServiceLinuxWithApiPublishMode": {
      "$ref": "/profileConfigs/edit/azureAppServiceLinuxWithApiPublishMode.json"
    },
    "azureAppServiceLinuxWithPublishMode": {
      "$ref": "/profileConfigs/edit/azureAppServiceLinuxWithPublishMode.json"
    },
    "azureAppServiceWindows": {
      "$ref": "/profileConfigs/edit/azureAppServiceWindows.json"
    },
    "azureAppServiceWindowsWithApi": {
      "$ref": "/profileConfigs/edit/azureAppServiceWindowsWithApi.json"
    },
    "azureAppServiceWindowsWithApiPublishMode": {
      "$ref": "/profileConfigs/edit/azureAppServiceWindowsWithApiPublishMode.json"
    },
    "azureAppServiceWindowsWithPublishMode": {
      "$ref": "/profileConfigs/edit/azureAppServiceWindowsWithPublishMode.json"
    },
    "azureAppServiceWindowsWAP": {
      "$ref": "/profileConfigs/edit/azureAppServiceWindowsWAP.json"
    },
    "azureContainerRegistry": {
      "$ref": "/profileConfigs/edit/azureContainerRegistry.json"
    },
    "azureContainerAppLinux": {
      "$ref": "/profileConfigs/edit/azureContainerAppLinux.json"
    },
    "azureContainerAppLinuxWithPublishMode": {
      "$ref": "/profileConfigs/edit/azureContainerAppLinuxWithPublishMode.json"
    },
    "azureContainerAppLinuxSolution": {
      "$ref": "/profileConfigs/edit/azureContainerAppLinuxSolution.json"
    },
    "azureConsoleContainerRegistry": {
      "$ref": "/profileConfigs/edit/azureConsoleContainerRegistry.json"
    },
    "azureFunctionAppContainerLinux": {
      "$ref": "/profileConfigs/edit/azureFunctionAppContainerLinux.json"
    },
    "azureFunctionAppContainerLinuxWithApi": {
      "$ref": "/profileConfigs/edit/azureFunctionAppContainerLinuxWithApi.json"
    },
    "azureFunctionAppLinux": {
      "$ref": "/profileConfigs/edit/azureFunctionAppLinux.json"
    },
    "azureFunctionAppLinuxWithApi": {
      "$ref": "/profileConfigs/edit/azureFunctionAppLinuxWithApi.json"
    },
    "azureFunctionAppLinuxWithApiPublishMode": {
      "$ref": "/profileConfigs/edit/azureFunctionAppLinuxWithApiPublishMode.json"
    },
    "azureFunctionAppLinuxWithPublishMode": {
      "$ref": "/profileConfigs/edit/azureFunctionAppLinuxWithPublishMode.json"
    },
    "azureFunctionAppWindows": {
      "$ref": "/profileConfigs/edit/azureFunctionAppWindows.json"
    },
    "azureFunctionAppWindowsWithApi": {
      "$ref": "/profileConfigs/edit/azureFunctionAppWindowsWithApi.json"
    },
    "azureFunctionAppWindowsWithApiPublishMode": {
      "$ref": "/profileConfigs/edit/azureFunctionAppWindowsWithApiPublishMode.json"
    },
    "azureFunctionAppWindowsWithPublishMode": {
      "$ref": "/profileConfigs/edit/azureFunctionAppWindowsWithPublishMode.json"
    },
    "azureKubernetesServiceSolution": {
      "$ref": "/profileConfigs/edit/azureKubernetesServiceSolution.json"
    },
    "azureSpringCloudSteelToe": {
      "$ref": "/profileConfigs/edit/azureSpringCloudSteelToe.json"
    },
    "azureSpringCloudSteelToeWithPublishMode": {
      "$ref": "/profileConfigs/edit/azureSpringCloudSteelToeWithPublishMode.json"
    },
    "azureStaticWebApp": {
      "$ref": "/profileConfigs/edit/azureStaticWebApp.json"
    },
    "azureStaticWebAppWithPublishMode": {
      "$ref": "/profileConfigs/edit/azureStaticWebAppWithPublishMode.json"
    },
    "azureVirtualMachine": {
      "$ref": "/profileConfigs/edit/azureVirtualMachine.json"
    },
    "azureWebJobs": {
      "$ref": "/profileConfigs/edit/azureWebJobs.json"
    },
    "dockerContainerRegistry": {
      "$ref": "/profileConfigs/edit/dockerContainerRegistry.json"
    },
    "dockerConsoleContainerRegistry": {
      "$ref": "/profileConfigs/edit/dockerConsoleContainerRegistry.json"
    },
    "dockerCustomContainerRegistry": {
      "$ref": "/profileConfigs/edit/dockerCustomContainerRegistry.json"
    },
    "dockerConsoleCustomContainerRegistry": {
      "$ref": "/profileConfigs/edit/dockerConsoleCustomContainerRegistry.json"
    },
    "folder": {
      "$ref": "/profileConfigs/edit/folder.json"
    },
    "folderFunctionDotNetConsole": {
      "$ref": "/profileConfigs/edit/folderFunctionDotNetConsole.json"
    },
    "folderWebSite": {
      "$ref": "/profileConfigs/edit/folderWebSite.json"
    },
    "ftp": {
      "$ref": "/profileConfigs/edit/ftp.json"
    },
    "ftpWebSite": {
      "$ref": "/profileConfigs/edit/ftpWebSite.json"
    },
    "iisWebDeploy": {
      "$ref": "/profileConfigs/edit/iisWebDeploy.json"
    },
    "iisWebDeployWebSite": {
      "$ref": "/profileConfigs/edit/iisWebDeployWebSite.json"
    },
    "iisWebDeployWAP": {
      "$ref": "/profileConfigs/edit/iisWebDeployWAP.json"
    },
    "iisWebDeployPackage": {
      "$ref": "/profileConfigs/edit/iisWebDeployPackage.json"
    },
    "iisWebDeployPackageWebSite": {
      "$ref": "/profileConfigs/edit/iisWebDeployPackageWebSite.json"
    },
    "iisWebDeployPackageWAP": {
      "$ref": "/profileConfigs/edit/iisWebDeployPackageWAP.json"
    },
    "import": {
      "$ref": "/profileConfigs/edit/import.json"
    },
    "importFunction": {
      "$ref": "/profileConfigs/edit/importFunction.json"
    },
    "importWebJobs": {
      "$ref": "/profileConfigs/edit/importWebJobs.json"
    }
  },
  "viewConfigs": {
    "azdevAppService": {
      "$ref": "/profileConfigs/view/azdevAppService.json"
    },
    "azureAppServiceApiMGitWorkflow": {
      "$ref": "/profileConfigs/view/azureAppServiceApiMGitWorkflow.json"
    },
    "azureAppService": {
      "$ref": "/profileConfigs/view/azureAppService.json"
    },
    "azureAppService.classicConsole": {
      "$ref": "/profileConfigs/view/azureAppService.classicConsole.json"
    },
    "azureAppService.wap": {
      "$ref": "/profileConfigs/view/azureAppService.wap.json"
    },
    "azureAppService.webSite": {
      "$ref": "/profileConfigs/view/azureAppService.webSite.json"
    },
    "azureAppServiceContainer": {
      "$ref": "/profileConfigs/view/azureAppServiceContainer.json"
    },
    "azureAppServiceGitWorkflow": {
      "$ref": "/profileConfigs/view/azureAppServiceGitWorkflow.json"
    },
    "azureAppServiceGitWorkflowLocal": {
      "$ref": "/profileConfigs/view/azureAppServiceGitWorkflowLocal.json"
    },
    "azureContainerAppLinux.console": {
      "$ref": "/profileConfigs/view/azureContainerAppLinux.Console.json"
    },
    "azureContainerAppLinux.web": {
      "$ref": "/profileConfigs/view/azureContainerAppLinux.Web.json"
    },
    "azureContainerAppGitWorkflowLinux.console": {
      "$ref": "/profileConfigs/view/azureContainerAppGitWorkflowLinux.console.json"
    },
    "azureContainerAppGitWorkflowLinux.web": {
      "$ref": "/profileConfigs/view/azureContainerAppGitWorkflowLinux.web.json"
    },
    "azureContainerAppEnvironmentGitWorkflowLinux.console": {
      "$ref": "/profileConfigs/view/azureContainerAppEnvironmentGitWorkflowLinux.console.json"
    },
    "azureContainerAppEnvironmentGitWorkflowLinux.web": {
      "$ref": "/profileConfigs/view/azureContainerAppEnvironmentGitWorkflowLinux.web.json"
    },
    "azureContainerRegistry": {
      "$ref": "/profileConfigs/view/azureContainerRegistry.json"
    },
    "azureFunctionApp": {
      "$ref": "/profileConfigs/view/azureFunctionApp.json"
    },
    "azureFunctionAppApiMGitWorkflow": {
      "$ref": "/profileConfigs/view/azureFunctionAppApiMGitWorkflow.json"
    },
    "azureFunctionAppGitWorkflow": {
      "$ref": "/profileConfigs/view/azureFunctionAppGitWorkflow.json"
    },
    "azureFunctionContainer": {
      "$ref": "/profileConfigs/view/azureFunctionContainer.json"
    },
    "azureKubernetesService": {
      "$ref": "/profileConfigs/view/azureKubernetesService.json"
    },
    "azureKubernetesServiceGitWorkflow": {
      "$ref": "/profileConfigs/view/azureKubernetesServiceGitWorkflow.json"
    },
    "azureSpringCloudSteelToe": {
      "$ref": "/profileConfigs/view/azureSpringCloudSteelToe.json"
    },
    "azureSpringCloudSteelToeGitWorkflow": {
      "$ref": "/profileConfigs/view/azureSpringCloudSteelToeGitWorkflow.json"
    },
    "azureStaticWebApp": {
      "$ref": "/profileConfigs/view/azureStaticWebApp.json"
    },
    "azureStaticWebAppGitWorkflow": {
      "$ref": "/profileConfigs/view/azureStaticWebAppGitWorkflow.json"
    },
    "azureVm": {
      "$ref": "/profileConfigs/view/azureVm.json"
    },
    "azureWebJob": {
      "$ref": "/profileConfigs/view/azureWebJob.json"
    },
    "default": {
      "$ref": "/profileConfigs/view/default.json"
    },
    "dockerContainerRegistry": {
      "$ref": "/profileConfigs/view/dockerContainerRegistry.json"
    },
    "dockerContainerRegistry.console": {
      "$ref": "/profileConfigs/view/dockerContainerRegistry.console.json"
    },
    "folder": {
      "$ref": "/profileConfigs/view/folder.json"
    },
    "folder.console": {
      "$ref": "/profileConfigs/view/folder.console.json"
    },
    "folder.core": {
      "$ref": "/profileConfigs/view/folder.core.json"
    },
    "ftp": {
      "$ref": "/profileConfigs/view/ftp.json"
    },
    "netSdkAzureContainerAppLinux.console": {
      "$ref": "/profileConfigs/view/netSdkAzureContainerAppLinux.console.json"
    },
    "netSdkAzureContainerAppLinux.web": {
      "$ref": "/profileConfigs/view/netSdkAzureContainerAppLinux.web.json"
    },
    "netSdkAzureContainerRegistry": {
      "$ref": "/profileConfigs/view/netSdkAzureContainerRegistry.json"
    },
    "netSdkContainerRegistry": {
      "$ref": "/profileConfigs/view/netSdkContainerRegistry.json"
    },
    "netSdkContainerRegistry.console": {
      "$ref": "/profileConfigs/view/netSdkContainerRegistry.console.json"
    },
    "webDeploy": {
      "$ref": "/profileConfigs/view/webDeploy.json"
    }
  },
  "externalComponents": [
    {
      "id": "vsWebWorkload",
      "model": {
        "$ref": "/definitions/externalComponents.json#/vsWebWorkload"
      }
    }
  ],
  "publishStates": {
    "$ref": "/publishStates/publishStates.json#/"
  },
  "summaryEntries": [
    {
      "id": "_default",
      "model": {
        "$ref": "/definitions/summaryEntries.json#/_default"
      }
    },
    {
      "id": "_defaultStatus",
      "model": {
        "$ref": "/definitions/summaryEntries.json#/_defaultStatus"
      }
    },
    {
      "id": "ApiManagementApiName",
      "model": {
        "$ref": "/definitions/summaryEntries.json#/ApiManagementApiName"
      }
    },
    {
      "id": "AppLocation",
      "model": {
        "$ref": "/definitions/summaryEntries.json#/AppLocation"
      }
    },
    {
      "id": "ApiLocation",
      "model": {
        "$ref": "/definitions/summaryEntries.json#/ApiLocation"
      }
    },
    {
      "id": "OutputLocation",
      "model": {
        "$ref": "/definitions/summaryEntries.json#/OutputLocation"
      }
    },
    {
      "id": "Configuration",
      "model": {
        "$ref": "/definitions/summaryEntries.json#/Configuration"
      }
    },
    {
      "id": "ContainerBuild",
      "model": {
        "$ref": "/definitions/summaryEntries.json#/ContainerBuild"
      }
    },
    {
      "id": "ContainerName",
      "model": {
        "$ref": "/definitions/summaryEntries.json#/ContainerName"
      }
    },
    {
      "id": "DeleteExistingFiles",
      "model": {
        "$ref": "/definitions/summaryEntries.json#/DeleteExistingFiles"
      }
    },
    {
      "id": "DeployIisAppPath",
      "model": {
        "$ref": "/definitions/summaryEntries.json#/DeployIisAppPath"
      }
    },
    {
      "id": "DeploymentMode",
      "model": {
        "$ref": "/definitions/summaryEntries.json#/DeploymentMode"
      }
    },
    {
      "id": "EncryptedPassword",
      "model": {
        "$ref": "/definitions/summaryEntries.json#/EncryptedPassword"
      }
    },
    {
      "id": "Environment",
      "model": {
        "$ref": "/definitions/summaryEntries.json#/Environment"
      }
    },
    {
      "id": "EnvironmentName",
      "model": {
        "$ref": "/definitions/summaryEntries.json#/EnvironmentName"
      }
    },
    {
      "id": "FtpServer",
      "model": {
        "$ref": "/definitions/summaryEntries.json#/FtpServer"
      }
    },
    {
      "id": "FtpSitePath",
      "model": {
        "$ref": "/definitions/summaryEntries.json#/FtpSitePath"
      }
    },
    {
      "id": "FtpPassiveMode",
      "model": {
        "$ref": "/definitions/summaryEntries.json#/FtpPassiveMode"
      }
    },
    {
      "id": "ImageName",
      "model": {
        "$ref": "/definitions/summaryEntries.json#/ImageName"
      }
    },
    {
      "id": "LastUsedBuildConfiguration",
      "model": {
        "$ref": "/definitions/summaryEntries.json#/LastUsedBuildConfiguration"
      }
    },
    {
      "id": "MSDeployServiceURL",
      "model": {
        "$ref": "/definitions/summaryEntries.json#/MSDeployServiceURL"
      }
    },
    {
      "id": "OutputLocation",
      "model": {
        "$ref": "/definitions/summaryEntries.json#/OutputLocation"
      }
    },
    {
      "id": "PublishDir",
      "model": {
        "$ref": "/definitions/summaryEntries.json#/PublishDir"
      }
    },
    {
      "id": "PublishImageTag",
      "model": {
        "$ref": "/definitions/summaryEntries.json#/PublishImageTag"
      }
    },
    {
      "id": "PublishUrl",
      "model": {
        "$ref": "/definitions/summaryEntries.json#/PublishUrl"
      }
    },
    {
      "id": "RegistryUrl",
      "model": {
        "$ref": "/definitions/summaryEntries.json#/RegistryUrl"
      }
    },
    {
      "id": "Repository",
      "model": {
        "$ref": "/definitions/summaryEntries.json#/Repository"
      }
    },
    {
      "id": "ResourceGroup",
      "model": {
        "$ref": "/definitions/summaryEntries.json#/ResourceGroup"
      }
    },
    {
      "id": "ResourceGroupFromResourceId",
      "model": {
        "$ref": "/definitions/summaryEntries.json#/ResourceGroupFromResourceId"
      }
    },
    {
      "id": "ResourceNameFromResourceId",
      "model": {
        "$ref": "/definitions/summaryEntries.json#/ResourceNameFromResourceId"
      }
    },
    {
      "id": "SDKVersion",
      "model": {
        "$ref": "/definitions/summaryEntries.json#/SDKVersion"
      }
    },
    {
      "id": "SecretCredsContainerRegistry",
      "model": {
        "$ref": "/definitions/summaryEntries.json#/SecretCredsContainerRegistry"
      }
    },
    {
      "id": "SecretPublishProfile",
      "model": {
        "$ref": "/definitions/summaryEntries.json#/SecretPublishProfile"
      }
    },
    {
      "id": "SecretServicePrincipalApiManagement",
      "model": {
        "$ref": "/definitions/summaryEntries.json#/SecretServicePrincipalApiManagement"
      }
    },
    {
      "id": "SecretServicePrincipalContainerApp",
      "model": {
        "$ref": "/definitions/summaryEntries.json#/SecretServicePrincipalContainerApp"
      }
    },
    {
      "id": "SecretServicePrincipalContainerAppEnvironment",
      "model": {
        "$ref": "/definitions/summaryEntries.json#/SecretServicePrincipalContainerAppEnvironment"
      }
    },
    {
      "id": "SecretServicePrincipalKubernetesService",
      "model": {
        "$ref": "/definitions/summaryEntries.json#/SecretServicePrincipalKubernetesService"
      }
    },
    {
      "id": "SecretServicePrincipalSpringCloud",
      "model": {
        "$ref": "/definitions/summaryEntries.json#/SecretServicePrincipalSpringCloud"
      }
    },
    {
      "id": "SecretServicePrincipalStaticWebApp",
      "model": {
        "$ref": "/definitions/summaryEntries.json#/SecretServicePrincipalStaticWebApp"
      }
    },
    {
      "id": "SiteUrlToLaunchAfterPublish",
      "model": {
        "$ref": "/definitions/summaryEntries.json#/SiteUrlToLaunchAfterPublish"
      }
    },
    {
      "id": "SkipExtraFilesOnServer",
      "model": {
        "$ref": "/definitions/summaryEntries.json#/SkipExtraFilesOnServer"
      }
    },
    {
      "id": "Source",
      "model": {
        "$ref": "/definitions/summaryEntries.json#/Source"
      }
    },
    {
      "id": "Subscription",
      "model": {
        "$ref": "/definitions/summaryEntries.json#/Subscription"
      }
    },
    {
      "id": "SubscriptionFromResourceId",
      "model": {
        "$ref": "/definitions/summaryEntries.json#/SubscriptionFromResourceId"
      }
    },
    {
      "id": "TargetFramework",
      "model": {
        "$ref": "/definitions/summaryEntries.json#/TargetFramework"
      }
    },
    {
      "id": "TargetRuntime",
      "model": {
        "$ref": "/definitions/summaryEntries.json#/TargetRuntime"
      }
    },
    {
      "id": "UserName",
      "model": {
        "$ref": "/definitions/summaryEntries.json#/UserName"
      }
    },
    {
      "id": "WebJobName",
      "model": {
        "$ref": "/definitions/summaryEntries.json#/WebJobName"
      }
    },
    {
      "id": "WebJobType",
      "model": {
        "$ref": "/definitions/summaryEntries.json#/WebJobType"
      }
    },
    {
      "id": "WorkflowTriggers",
      "model": {
        "$ref": "/definitions/summaryEntries.json#/WorkflowTriggers"
      }
    }
  ]
}
