{
  "azureCategoryName": "Azure",
  "azureCategoryDescription": "アプリケーションを Microsoft クラウドにホストします",
  "azureCategoryMultipleTargetsDescription": "アプリケーションをホストするためにどの Azure サービスを使用しますか?",
  "containerRegistryCategoryName": "Docker Container Registry",
  "containerRegistryCategoryDescription": "アプリケーションを Docker イメージに対応したサポートされている Container Registry に発行します",
  "containerRegistryCategoryMultipleTargetsDescription": "アプリケーションをホストするためにどのコンテナー レジストリを使用しますか?",
  "folderCategoryName": "フォルダー",
  "folderCategoryDescription": "アプリケーションをローカル フォルダーまたはファイル共有に発行します",
  "folderCategoryMultipleTargetsDescription": "どのローカル ターゲットに発行しますか?",
  "ftpCategoryName": "FTP/FTPS サーバー",
  "ftpCategoryDescription": "アプリケーションを FTP/FTPS サーバーに発行します",
  "iisCategoryName": "Web サーバー (IIS)",
  "iisCategoryDescription": "Web 配置または Web 配置パッケージを使用してアプリケーションを IIS に発行します",
  "importCategoryName": "プロファイルのインポート",
  "importCategoryDescription": "アプリを配置するための発行設定をインポートします",
  "azureAppServiceContainerLinuxTargetName": "Azure App Service コンテナー",
  "azureAppServiceContainerLinuxTargetDescription": "アプリケーションを Docker イメージとして Azure Container Registry に発行し、Azure App Service で実行します",
  "azdevAppServiceTargetName": "Azure Developer CLI 環境",
  "azdevAppServiceTargetDescription": "現在の Azure Developer CLI 環境に関連付けられているリモート ホストにアプリケーション コードを発行します",
  "azureAppServiceLinuxTargetName": "Azure App Service (Linux)",
  "azureAppServiceLinuxTargetDescription": "簡単にスケーリングできるマネージド インフラストラクチャにアプリケーション コードを発行する",
  "azureAppServiceWindowsTargetName": "Azure App Service (Windows)",
  "azureAppServiceWindowsTargetDescription": "簡単にスケーリングできるマネージド インフラストラクチャにアプリケーション コードを発行する",
  "azureContainerAppLinuxTargetName": "Azure Container Apps (Linux)",
  "azureContainerAppLinuxTargetDescription": "Azure のサーバーレス プラットフォームでスケーラブルなコンテナー化されたアプリケーションとマイクロサービスを実行する",
  "azureContainerRegistryTargetName": "Azure コンテナー レジストリ",
  "azureContainerRegistryTargetDescription": "アプリケーションを Docker イメージとして Azure Container Registry に発行します",
  "azureFunctionAppContainerLinuxTargetName": "Azure Function App コンテナー",
  "azureFunctionAppContainerLinuxTargetDescription": "アプリケーションを Docker イメージとして Azure Container Registry に発行し、Azure Function App で実行します",
  "azureFunctionAppLinuxTargetName": "Azure Function App (Linux)",
  "azureFunctionAppLinuxTargetDescription": "動的にスケーリングされ、コードをオンデマンドで実行するサーバーレス コンピューティングにアプリケーション コードを発行します",
  "azureFunctionAppWindowsTargetName": "Azure Function App (Windows)",
  "azureFunctionAppWindowsTargetDescription": "動的にスケーリングされ、コードをオンデマンドで実行するサーバーレス コンピューティングにアプリケーション コードを発行します",
  "azureKubernetesServiceTargetName": "Azure Kubernetes Service",
  "azureKubernetesServiceTargetDescription": "Azure でエンタープライズ レベルのコンテナー オーケストレーションの Kubernetes クラスターを管理する",
  "azureSpringCloudSteelToeTargetName": "Azure Spring Cloud",
  "azureSpringCloudSteelToeTargetDescription": "サービス レジストリと構成管理で、マネージド Spring Cloud コンポーネントを使用して、アプリケーション コードをフル マネージド サービスに公開します。",
  "azureStaticWebAppTargetName": "Azure Static Web Apps",
  "azureStaticWebAppTargetDescription": "Azure でサーバーレス プラットフォームにアプリケーション コードを発行する",
  "azureVirtualMachineTargetName": "Azure Virtual Machine",
  "azureVirtualMachineTargetDescription": "独自のインフラストラクチャを管理します",
  "azureWebJobsTargetName": "Azure WebJobs",
  "azureWebJobsTargetDescription": "簡単にスケーリングできるマネージド インフラストラクチャにアプリケーション コードを発行する",
  "azureWebJobsCreateNewText": "新しい Azure WebJob を作成する...",
  "azureWebJobsDescription": "既存の Azure WebJob を選択するか、新規作成します",
  "dockerContainerRegistryTargetName": "Docker Hub",
  "dockerContainerRegistryTargetDescription": "アプリケーションを Docker イメージとして Docker Hub に発行します",
  "dockerCustomContainerRegistryTargetName": "その他の Docker Container Registry",
  "dockerCustomContainerRegistryTargetDescription": "アプリケーションを Docker イメージとして、サポートされている Container Registry に発行します",
  "ftpSitePath": "FTP サイトのパス",
  "ftpPassiveMode": "FTP パッシブ モード",
  "ftpTargetName": "FTP サーバー",
  "ftpTargetDescription": "アプリケーション コードを FTP サーバーに発行します",
  "iisAppPath": "IIS アプリケーション",
  "iisWebDeployTargetName": "Web 配置",
  "iisWebDeployTargetDescription": "Web 配置を使用してアプリケーション コードを IIS に発行します",
  "iisWebDeployPackageTargetName": "Web デプロイ パッケージ",
  "iisWebDeployPackageTargetDescription": "Web 配置パッケージを使用してアプリケーション コードを IIS に発行します",
  "attentionRequired": "要確認",
  "azCopyService": "Azure Storage AzCopy",
  "azCopyServiceDescription": "さまざまな Azure サービスへのファイルのコピーを有効にします",
  "apiLocation": "API の場所",
  "appLocation": "アプリの場所",
  "azureApiManagement": "Azure API Management",
  "containerBuild": "コンテナー ビルド",
  "containerName": "コンテナー名",
  "containerRegistrySecrets": "コンテナー レジストリのシークレット",
  "copied": "コピー済み",
  "deleteAdditionalFiles": "宛先の追加ファイルを削除します",
  "deleteExistingFiles": "既存のファイルを削除",
  "deploymentMode": "配置モード",
  "deploymentSlot": "配置スロット",
  "defaultTargetName": "既定",
  "defaultTargetDescription": "既定",
  "editConfiguration": "構成の編集",
  "editDeleteExistingFiles": "既存のファイルの削除の編集",
  "editDeploymentMode": "デプロイ モードの編集",
  "editPassword": "パスワードの編集",
  "editSdkVersion": ".NET SDK バージョン",
  "editTargetRuntime": "ターゲット ランタイムの編集",
  "editTargetVersion": "ターゲット フレームワークの編集",
  "editUserName": "ユーザー名の編集",
  "editWebJobName": "Web ジョブ名の編集",
  "editWebJobType": "Web ジョブの種類の編集",
  "editWorkflow": "ワークフローの編集",
  "environment": "環境",
  "environmentName": "環境名",
  "error": "エラー",
  "frameworkDependent": "フレームワーク依存",
  "githubGettingWorkflowStatus": "ワーク フローの状態を取得しています",
  "githubSecret": "GitHub シークレット名",
  "githubSecretExists": "リポジトリにシークレットが見つかりました",
  "gitHubServicePrincipalSecret": "GitHub サービス プリンシパルのシークレット名",
  "githubActionsWorkflow": "GitHub Actions ワークフロー",
  "github_secret_help_description": "ワークフローでシークレットはどのように使用されていますか?",
  "github_serviceprincipal_help_description": "サービス プリンシパルが必要なのはなぜですか?",
  "hostingSection": "ホスティング",
  "imageName": "イメージ名",
  "imageTag": "イメージ タグ",
  "installSiteExtensions": "ASP.NET Core のサイト拡張機能をインストールします",
  "lastUsedBuildConfiguration": "構成",
  "ok": "OK",
  "openFolder": "フォルダーを開く",
  "openSite": "サイトを開く",
  "outputLocation": "出力場所",
  "password": "パスワード",
  "portable": "移植可能",
  "publishProfileSecret": "発行プロファイルのシークレット",
  "repository": "リポジトリ",
  "resourceGroup": "リソース グループ",
  "resourceName": "リソース名",
  "sdkVersion": ".NET SDK バージョン",
  "selfContained": "自己完結",
  "server": "サーバー",
  "serviceDependenciesSection": "サービスの依存関係",
  "servicePrincipalSecret": "サービス プリンシパルのシークレット",
  "settingsSection": "設定",
  "showAll": "すべての設定を表示",
  "siteUrl": "サイト URL",
  "site": "サイト:",
  "source": "ソース",
  "subscription": "サブスクリプション",
  "targetFramework": "ターゲット フレームワーク",
  "targetLocation": "ターゲットの場所",
  "targetRuntime": "ターゲット ランタイム",
  "userName": "ユーザー名",
  "vsWebWorkload": "ASP.NET と Web 開発",
  "vsWebWorkloadDescription": "ASP.NET Core、ASP.NET、HTML/JavaScript、コンテナー (Docker サポートなど) を使用して、Web アプリケーションをビルドします。",
  "warning": "警告",
  "willBeGeneratedDuringPublish": "<公開時に生成されます>",
  "webJobName": "WebJob 名",
  "webJobType": "WebJob の種類",
  "workflowTriggers": "トリガー",
  "containerPrereqFailure": "コンテナーの前提条件が見つかりませんでした。",
  "editCredentials": "資格情報を編集",
  "failedToGenerateAndPushSwagger": "デプロイ後に OpenAPI 定義を生成して API Management にプッシュできませんでした。",
  "failedToPushSwagger": "デプロイ後に OpenAPI 定義を API Management にプッシュできませんでした。",
  "failedToPushToACRForAppService": "Azure App Service で使用するために Docker イメージを Azure Container Registry にプッシュできませんでした。",
  "failedToPushToACRForContainerApps": "Azure Container App で使用するために Docker イメージを Azure Container Registry にプッシュできませんでした。",
  "failedToPushToContainerRegistry": "Docker イメージを Azure Container Registry にプッシュできませんでした",
  "openInAppInsights": "Application Insights で開く",
  "profileLacksCreds": "このプロファイルを公開するには、プロファイルに資格情報が必要です。",
  "seeLogsInOutputPane": "出力ウィンドウでログを表示する",
  "siteDidNotStart": "Visual Studio はアプリケーションが起動できたことを確認できませんでした。",
  "basicAuthDisabled": "選択した Azure サービスに対して基本認証が有効になっていません。"
}