{
  "appServiceRuntimeDetection": null,
  "azDevDeploy": null,
  "azDevShowSiteUrlInBrowser": null,
  "build": null,
  "checkContainerPrereq": {
    "errorStateString": { "$ref": "strings:#/containerPrereqFailure" },
    "errorActions": [
      {
        "base": {
          "$refmerge": "/definitions/actions.json#/openBuildPane"
        },
        "provider": "default"
      }
    ]
  },
  "checkNetSdkContainerPrereq": null,
  "containerAppsDeploy": {
    "errorStateString": { "$ref": "strings:#/failedToPushToACRForContainerApps" },
    "errorActions": [
      {
        "base": {
          "$refmerge": "/definitions/actions.json#/openBuildPane"
        },
        "provider": "default"
      }
    ]
  },
  "containerPush": {
    "errorStateString": { "$ref": "strings:#/failedToPushToContainerRegistry" },
    "errorActions": [
      {
        "base": {
          "$refmerge": "/definitions/actions.json#/openBuildPane"
        },
        "provider": "default"
      }
    ]
  },
  "containerRegistryCredentials": null,
  "containerRegistryImageTag": null,
  "generateSwaggerAndAPIMPush": {
    "errorStateString": { "$ref": "strings:#/failedToGenerateAndPushSwagger" },
    "errorActions": [
      {
        "base": {
          "$refmerge": "/definitions/actions.json#/openBuildPane"
        },
        "provider": "default"
      }
    ]
  },
  "installSiteExtensions": null,
  "netSdkContainerAppsDeploy": null,
  "getAzureADCreds": {
    "errorStateString": { "$ref": "strings:#/basicAuthDisabled" }
  },
  "profileHasCreds": {
    "errorStateString": { "$ref": "strings:#/profileLacksCreds" },
    "errorActions": [
      {
        "base": {
          "$refmerge": "/definitions/actions.json#/editCredentials"
        },
        "provider": "azure"
      }
    ]
  },
  "readAndPushFunctionSwagger": {
    "errorStateString": { "$ref": "strings:#/failedToPushSwagger" },
    "errorActions": [
      {
        "base": {
          "$refmerge": "/definitions/actions.json#/openBuildPane"
        },
        "provider": "default"
      }
    ]
  },
  "setDotNetCoreCurrentStack": null,
  "setDotNetCurrentStack": null,
  "setGrpcProperties": null,
  "setLinuxAppServiceProperties": null,
  "setNetFrameworkVersion": null,
  "showSiteUrlInBrowser": null,
  "springCloudRuntimeDetection": null,
  "swaCliDeploy": null,
  "swaCliLogin": null,
  "swaShowSiteUrlInBrowser": null,
  "updateFunctionAppSettings": null,
  "updateFunctionRuntime": null,
  "warmupSite": {
    "errorStateString": { "$ref": "strings:#/siteDidNotStart" },
    "errorActions": [
      {
        "base": {
          "$refmerge": "/definitions/actions.json#/openBuildPane"
        },
        "provider": "default"
      }
    ]
  },
  "warmupSiteShowAppInsights": {
    "errorStateString": { "$ref": "strings:#/siteDidNotStart" },
    "errorActions": [
      {
        "base": {
          "$refmerge": "/definitions/actions.json#/openInAppInsights"
        },
        "provider": "azure"
      }
    ]
  },
  "webContainerDeploy": {
    "errorStateString": { "$ref": "strings:#/failedToPushToACRForAppService" },
    "errorActions": [
      {
        "base": {
          "$refmerge": "/definitions/actions.json#/openBuildPane"
        },
        "provider": "default"
      }
    ]
  }
}
