{
  "azureCategoryName": "Azure",
  "azureCategoryDescription": "Host your application to the Microsoft cloud",
  "azureCategoryMultipleTargetsDescription": "Which Azure service would you like to use to host your application?",

  "containerRegistryCategoryName": "Docker Container Registry",
  "containerRegistryCategoryDescription": "Publish your application to any supported Container Registry that works with Docker images",
  "containerRegistryCategoryMultipleTargetsDescription": "Which Container Registry you would like to use to host your application?",

  "folderCategoryName": "Folder",
  "folderCategoryDescription": "Publish your application to a local folder or file share",
  "folderCategoryMultipleTargetsDescription": "Which local target would you like to publish to?",

  "ftpCategoryName": "FTP/FTPS Server",
  "ftpCategoryDescription": "Publish your application to an FTP/FTPS server",

  "iisCategoryName": "Web Server (IIS)",
  "iisCategoryDescription": "Publish your application to IIS using Web Deploy or Web Deploy Package",

  "importCategoryName": "Import Profile",
  "importCategoryDescription": "Import your publish settings to deploy your app",

  "azureAppServiceContainerLinuxTargetName": "Azure App Service Container",
  "azureAppServiceContainerLinuxTargetDescription": "Publish your application as a Docker image to Azure Container Registry and run it on Azure App Service",

  "azdevAppServiceTargetName": "Azure Developer CLI Environment",
  "azdevAppServiceTargetDescription": "Publish your application code to a remote host associated with current Azure Developer CLI Environment",

  "azureAppServiceLinuxTargetName": "Azure App Service (Linux)",
  "azureAppServiceLinuxTargetDescription": "Publish your application code to a managed infrastructure that is easy to scale",

  "azureAppServiceWindowsTargetName": "Azure App Service (Windows)",
  "azureAppServiceWindowsTargetDescription": "Publish your application code to a managed infrastructure that is easy to scale",

  "azureContainerAppLinuxTargetName": "Azure Container Apps (Linux)",
  "azureContainerAppLinuxTargetDescription": "Run scalable containerized applications and microservices on a serverless platform in Azure",

  "azureContainerRegistryTargetName": "Azure Container Registry",
  "azureContainerRegistryTargetDescription": "Publish your application as a Docker image to Azure Container Registry",

  "azureFunctionAppContainerLinuxTargetName": "Azure Function App Container",
  "azureFunctionAppContainerLinuxTargetDescription": "Publish your application as a Docker image to Azure Container Registry and run it on Azure Function App",

  "azureFunctionAppLinuxTargetName": "Azure Function App (Linux)",
  "azureFunctionAppLinuxTargetDescription": "Publish your application code to a serverless compute that scales dynamically and runs code on-demand",

  "azureFunctionAppWindowsTargetName": "Azure Function App (Windows)",
  "azureFunctionAppWindowsTargetDescription": "Publish your application code to a serverless compute that scales dynamically and runs code on-demand",

  "azureKubernetesServiceTargetName": "Azure Kubernetes Service",
  "azureKubernetesServiceTargetDescription": "Manage Kubernetes clusters for enterprise-grade container orchestration in Azure",

  "azureSpringCloudSteelToeTargetName": "Azure Spring Cloud",
  "azureSpringCloudSteelToeTargetDescription": "Publish your application code to a fully managed service with managed Spring Cloud components on service registry and configuration management.",

  "azureStaticWebAppTargetName": "Azure Static Web Apps",
  "azureStaticWebAppTargetDescription": "Publish your application code to a serverless platform in Azure",

  "azureVirtualMachineTargetName": "Azure Virtual Machine",
  "azureVirtualMachineTargetDescription": "Manage your own infrastructure",

  "azureWebJobsTargetName": "Azure WebJobs",
  "azureWebJobsTargetDescription": "Publish your application code to a managed infrastructure that is easy to scale",
  "azureWebJobsCreateNewText": "Create a new Azure WebJob...",
  "azureWebJobsDescription": "Select existing or create a new Azure WebJob",

  "dockerContainerRegistryTargetName": "Docker Hub",
  "dockerContainerRegistryTargetDescription": "Publish your application as a Docker image to Docker Hub",

  "dockerCustomContainerRegistryTargetName": "Other Docker Container Registry",
  "dockerCustomContainerRegistryTargetDescription": "Publish your application as a Docker image to any supported Container Registry",
  "ftpSitePath": "FTP site path",
  "ftpPassiveMode": "FTP passive mode",
  "ftpTargetName": "FTP Server",
  "ftpTargetDescription": "Publish your application code to an FTP server",
  "iisAppPath": "IIS application",
  "iisWebDeployTargetName": "Web Deploy",
  "iisWebDeployTargetDescription": "Publish your application code to IIS using Web Deploy",

  "iisWebDeployPackageTargetName": "Web Deploy Package",
  "iisWebDeployPackageTargetDescription": "Publish your application code to IIS using Web Deploy Package",

  "attentionRequired": "Attention required",
  "azCopyService": "Azure Storage AzCopy",
  "azCopyServiceDescription": "Enables copying files to a variety of Azure services",

  "apiLocation": "Api location",
  "appLocation": "App location",
  "azureApiManagement": "Azure API Management",
  "containerBuild": "Container Build",
  "containerName": "Container name",
  "containerRegistrySecrets": "Container registry secrets",
  "copied": "Copied",
  "deleteAdditionalFiles": "Delete additional files at destination",
  "deleteExistingFiles": "Delete existing files",
  "deploymentMode": "Deployment Mode",
  "deploymentSlot": "Deployment Slot",
  "defaultTargetName": "Default",
  "defaultTargetDescription": "Default",
  "editConfiguration": "Edit configuration",
  "editDeleteExistingFiles": "Edit delete existing files",
  "editDeploymentMode": "Edit deployment mode",
  "editPassword": "Edit password",
  "editSdkVersion": "Edit SDK version",
  "editTargetRuntime": "Edit target runtime",
  "editTargetVersion": "Edit target framework",
  "editUserName": "Edit user name",
  "editWebJobName": "Edit web job name",
  "editWebJobType": "Edit web job type",
  "editWorkflow": "Edit workflow",
  "environment": "Environment",
  "environmentName": "Environment name",
  "error": "Error",
  "frameworkDependent": "Framework-dependent",
  "githubGettingWorkflowStatus": "Getting workflow status",
  "githubSecret": "GitHub secret name",
  "githubSecretExists": "Secret found in repository",
  "gitHubServicePrincipalSecret": "GitHub Service Principal secret name",
  "githubActionsWorkflow": "GitHub Actions workflow",
  "github_secret_help_description": "How are secrets used in workflows?",
  "github_serviceprincipal_help_description": "Why is service principal needed?",
  "hostingSection": "Hosting",
  "imageName": "Image name",
  "imageTag": "Image tag",
  "installSiteExtensions": "Install ASP.NET Core Site Extension",
  "lastUsedBuildConfiguration": "Configuration",
  "ok": "OK",
  "openFolder": "Open folder",
  "openSite": "Open site",
  "outputLocation": "Output location",
  "password": "Password",
  "portable": "Portable",
  "publishProfileSecret": "Publish profile secret",
  "repository": "Repository",
  "resourceGroup": "Resource group",
  "resourceName": "Resource name",
  "sdkVersion": ".NET SDK Version",
  "selfContained": "Self-contained",
  "server": "Server",
  "serviceDependenciesSection": "Service dependencies",
  "servicePrincipalSecret": "Service principal secret",
  "settingsSection": "Settings",
  "showAll": "Show all settings",
  "siteUrl": "Site URL",
  "site": "Site:",
  "source": "Source",
  "subscription": "Subscription",
  "targetFramework": "Target Framework",
  "targetLocation": "Target location",
  "targetRuntime": "Target Runtime",
  "userName": "User name",
  "vsWebWorkload": "ASP.NET and web development",
  "vsWebWorkloadDescription": "Build web applications using ASP.NET Core, ASP.NET, HTML/JavaScript, and Containers including Docker support.",
  "warning": "Warning",
  "willBeGeneratedDuringPublish": "<Will be generated during publish>",
  "webJobName": "WebJob Name",
  "webJobType": "WebJob Type",
  "workflowTriggers": "Triggers",

  "containerPrereqFailure": "Container prerequisites were missing.",
  "editCredentials": "Edit credentials",
  "failedToGenerateAndPushSwagger": "Failed to generate and push OpenAPI definition to API Management after deployment.",
  "failedToPushSwagger": "Failed to push OpenAPI definition to API Management after deployment.",
  "failedToPushToACRForAppService": "Failed to push the Docker image to your Azure Container Registry for use in your Azure App Service.",
  "failedToPushToACRForContainerApps": "Failed to push the Docker image to your Azure Container Registry for use in your Azure Container App.",
  "failedToPushToContainerRegistry": "Failed to push the Docker image to your Container Registry",
  "openInAppInsights": "Open in Application Insights",
  "profileLacksCreds": "In order to publish this profile, the profile needs to have credentials.",
  "seeLogsInOutputPane": "See logs in Output window",
  "siteDidNotStart": "Visual Studio could not confirm your application was able to start.",

  "basicAuthDisabled": "Basic Authentication is not enabled for the selected Azure service."
}
