{
  "azureCategoryName": "Azure",
  "azureCategoryDescription": "Héberger votre application dans le cloud Microsoft",
  "azureCategoryMultipleTargetsDescription": "Quel service Azure voulez-vous utiliser pour héberger votre application ?",
  "containerRegistryCategoryName": "Registre de conteneurs Docker",
  "containerRegistryCategoryDescription": "Publier votre application sur un registre de conteneurs pris en charge, qui fonctionne avec les images Docker",
  "containerRegistryCategoryMultipleTargetsDescription": "Quel registre de conteneurs voulez-vous utiliser pour héberger votre application ?",
  "folderCategoryName": "Dossier",
  "folderCategoryDescription": "Publier votre application sur un dossier local ou un partage de fichiers",
  "folderCategoryMultipleTargetsDescription": "Sur quelle cible locale voulez-vous effectuer la publication ?",
  "ftpCategoryName": "Serveur FTP/FTPS",
  "ftpCategoryDescription": "Publier votre application sur un serveur FTP/FTPS",
  "iisCategoryName": "Serveur web (IIS)",
  "iisCategoryDescription": "Publier votre application sur IIS à l'aide de Web Deploy ou d'un package Web Deploy",
  "importCategoryName": "Importer le profil",
  "importCategoryDescription": "Importer vos paramètres de publication pour déployer votre application",
  "azureAppServiceContainerLinuxTargetName": "Conteneur Azure App Service",
  "azureAppServiceContainerLinuxTargetDescription": "Publier votre application en tant qu'image Docker sur Azure Container Registry, et l'exécuter sur Azure App Service",
  "azdevAppServiceTargetName": "Environnement Azure Developer CLI",
  "azdevAppServiceTargetDescription": "Publier votre code d’application sur un hôte distant associé à l’environnement Azure Developer CLI actuel",
  "azureAppServiceLinuxTargetName": "Azure App Service (Linux)",
  "azureAppServiceLinuxTargetDescription": "Publier votre code d'application sur une infrastructure managée facile à mettre à l'échelle",
  "azureAppServiceWindowsTargetName": "Azure App Service (Windows)",
  "azureAppServiceWindowsTargetDescription": "Publier votre code d'application sur une infrastructure managée facile à mettre à l'échelle",
  "azureContainerAppLinuxTargetName": "Azure Container Apps",
  "azureContainerAppLinuxTargetDescription": "Exécuter des applications conteneurisées évolutives et des microservices sur une plateforme sans serveur dans Azure",
  "azureContainerRegistryTargetName": "Registre de conteneurs Azure",
  "azureContainerRegistryTargetDescription": "Publier votre application en tant qu'image Docker sur Azure Container Registry",
  "azureFunctionAppContainerLinuxTargetName": "Conteneur d'applications de fonction Azure",
  "azureFunctionAppContainerLinuxTargetDescription": "Publier votre application en tant qu'image Docker sur Azure Container Registry, et l'exécuter dans l'application Azure Functions",
  "azureFunctionAppLinuxTargetName": "Application de fonction Azure (Linux)",
  "azureFunctionAppLinuxTargetDescription": "Publier votre code d'application sur un service de calcul serverless qui se met à l'échelle dynamiquement et exécute du code à la demande",
  "azureFunctionAppWindowsTargetName": "Application de fonction Azure (Windows)",
  "azureFunctionAppWindowsTargetDescription": "Publier votre code d'application sur un service de calcul serverless qui se met à l'échelle dynamiquement et exécute du code à la demande",
  "azureKubernetesServiceTargetName": "Service Azure Kubernetes",
  "azureKubernetesServiceTargetDescription": "Permet de gérer les clusters Kubernetes pour l’orchestration de conteneurs de niveau entreprise dans Azure",
  "azureSpringCloudSteelToeTargetName": "Azure Spring Cloud",
  "azureSpringCloudSteelToeTargetDescription": "Publiez le code de votre application sur un service complètement managé avec des composants Spring Cloud managés pour l'inscription de services et la gestion de la configuration.",
  "azureStaticWebAppTargetName": "Azure Static Web Apps",
  "azureStaticWebAppTargetDescription": "Publier votre code d’application sur une plateforme serverless dans Azure",
  "azureVirtualMachineTargetName": "Machine virtuelle Azure",
  "azureVirtualMachineTargetDescription": "Gérer votre propre infrastructure",
  "azureWebJobsTargetName": "Azure WebJobs",
  "azureWebJobsTargetDescription": "Publier votre code d'application sur une infrastructure managée facile à mettre à l'échelle",
  "azureWebJobsCreateNewText": "Créer un Azure WebJob...",
  "azureWebJobsDescription": "Sélectionner une instance d'Azure WebJobs, ou en créer une",
  "dockerContainerRegistryTargetName": "Docker Hub",
  "dockerContainerRegistryTargetDescription": "Publier votre application en tant qu'image Docker sur Docker Hub",
  "dockerCustomContainerRegistryTargetName": "Autre registre de conteneurs Docker",
  "dockerCustomContainerRegistryTargetDescription": "Publier votre application en tant qu'image Docker sur un registre de conteneurs pris en charge",
  "ftpSitePath": "Chemin au site FTP",
  "ftpPassiveMode": "Mode passif FTP",
  "ftpTargetName": "Serveur FTP",
  "ftpTargetDescription": "Publier votre code d'application sur un serveur FTP",
  "iisAppPath": "Application IIS",
  "iisWebDeployTargetName": "Web Deploy",
  "iisWebDeployTargetDescription": "Publier votre code d'application sur IIS à l'aide de Web Deploy",
  "iisWebDeployPackageTargetName": "Package Web Deploy",
  "iisWebDeployPackageTargetDescription": "Publier votre code d'application sur IIS à l'aide d'un package Web Deploy",
  "attentionRequired": "Attention nécessaire",
  "azCopyService": "Stockage Azure AzCopy",
  "azCopyServiceDescription": "Permet de copier des fichiers vers divers services Azure",
  "apiLocation": "Emplacement de l'API",
  "appLocation": "Emplacement de l'application",
  "azureApiManagement": "Gestion des API Azure",
  "containerBuild": "Création de conteneur",
  "containerName": "Nom de conteneur",
  "containerRegistrySecrets": "Secrets du registre des conteneurs",
  "copied": "Copié",
  "deleteAdditionalFiles": "Supprimer les fichiers supplémentaires à l'emplacement de destination",
  "deleteExistingFiles": "Supprimer les fichiers existants",
  "deploymentMode": "Mode de déploiement",
  "deploymentSlot": "Slot de déploiement",
  "defaultTargetName": "Par défaut",
  "defaultTargetDescription": "Par défaut",
  "editConfiguration": "Modifier la configuration",
  "editDeleteExistingFiles": "Modifier la suppression des fichiers existants",
  "editDeploymentMode": "Modifier le mode de déploiement",
  "editPassword": "Modifier le mot de passe",
  "editSdkVersion": "Modifier la version du Kit de développement logiciel (SDK)",
  "editTargetRuntime": "Modifier le runtime cible",
  "editTargetVersion": "Modifier le framework cible",
  "editUserName": "Modifier le nom d’utilisateur",
  "editWebJobName": "Modifier le nom du travail web",
  "editWebJobType": "Modifier le type de travail web",
  "editWorkflow": "Modifier le workflow",
  "environment": "Environnement",
  "environmentName": "Nom de l'environnement",
  "error": "Erreur",
  "frameworkDependent": "Dépendant du framework",
  "githubGettingWorkflowStatus": "Obtention de l’état du flux de travail",
  "githubSecret": "Nom de secret GitHub",
  "githubSecretExists": "Secret trouvé dans le dépôt",
  "gitHubServicePrincipalSecret": "Nom de secret du principal de service GitHub",
  "githubActionsWorkflow": "Workflow GitHub Actions",
  "github_secret_help_description": "Comment les secrets sont-ils utilisés dans les workflows ?",
  "github_serviceprincipal_help_description": "Pourquoi le principal de service est-il nécessaire ?",
  "hostingSection": "Hébergement",
  "imageName": "Nom d'image",
  "imageTag": "Étiquette d'image",
  "installSiteExtensions": "Installer l'extension de site ASP.NET Core",
  "lastUsedBuildConfiguration": "Configuration",
  "ok": "OK",
  "openFolder": "Ouvrir le dossier",
  "openSite": "Ouvrir le site",
  "outputLocation": "Emplacement de sortie",
  "password": "Mot de passe",
  "portable": "Portable",
  "publishProfileSecret": "Secret du profil de publication",
  "repository": "Dépôt",
  "resourceGroup": "Groupe de ressources",
  "resourceName": "Nom de la ressource",
  "sdkVersion": "Version du kit SDK .NET",
  "selfContained": "Autonome",
  "server": "Serveur",
  "serviceDependenciesSection": "Dépendances de service",
  "servicePrincipalSecret": "Secret du principal de service",
  "settingsSection": "Paramètres",
  "showAll": "Afficher tous les paramètres",
  "siteUrl": "URL du site",
  "site": "Site :",
  "source": "Source",
  "subscription": "Abonnement",
  "targetFramework": "Infrastructure cible",
  "targetLocation": "Emplacement cible",
  "targetRuntime": "Runtime cible",
  "userName": "Nom d'utilisateur",
  "vsWebWorkload": "Développement web et ASP.NET",
  "vsWebWorkloadDescription": "Générez des applications web en utilisant ASP.NET Core, ASP.NET, HTML/JavaScript ainsi que des conteneurs prenant notamment en charge Docker.",
  "warning": "Avertissement",
  "willBeGeneratedDuringPublish": "<Généré pendant la publication>",
  "webJobName": "Nom du WebJob",
  "webJobType": "Type de WebJob",
  "workflowTriggers": "Déclencheurs",
  "containerPrereqFailure": "Les prérequis du conteneur sont manquants.",
  "editCredentials": "Modifier les informations d'identification",
  "failedToGenerateAndPushSwagger": "Échec de la génération et de l’envoi (push) de la définition OpenAPI à API Management après le déploiement",
  "failedToPushSwagger": "Échec de l’envoi de la définition OpenAPI à API Management après le déploiement",
  "failedToPushToACRForAppService": "Échec de l’envoi (push) de l’image Docker à votre Azure Container Registry pour l’utiliser dans votre Azure App Service",
  "failedToPushToACRForContainerApps": "Échec de l’envoi (push) de l’image Docker à votre Azure Container Registry pour une utilisation dans votre application de conteneur Azure",
  "failedToPushToContainerRegistry": "Échec de l’envoi (push) de l’image Docker à votre Container Registry",
  "openInAppInsights": "Ouvrir dans Application Insights",
  "profileLacksCreds": "Pour publier ce profil, le profil doit avoir des informations d’identification.",
  "seeLogsInOutputPane": "Voir les journaux dans la fenêtre sortie",
  "siteDidNotStart": "Visual Studio n’a pas pu confirmer que votre application a pu démarrer.",
  "basicAuthDisabled": "L’authentification de base n’est pas activée pour le service Azure sélectionné."
}