{
  "always": {
    "kind": "bool",
    "value": true
  },
  "never": {
    "kind": "bool",
    "value": false
  },
  "allDotNetCoreWebProjects": {
    "kind": "and",
    "operands": [
      { "$ref": "#/allWebProjects" },
      { "$ref": "#/isDotNetCoreWeb" }
    ]
  },
  "allWebProjects": {
    "kind": "or",
    "operands": [
      { "$ref": "#/isWeb" },
      { "$ref": "#/isWebSite" }
    ]
  },
  "appServiceCanHaveApi": {
    "kind": "and",
    "operands": [
      {
        "kind": "TfmVersionComparison",
        "tfmType": "netcore",
        "version": "3.1",
        "comparison": "GreaterThanOrEqualTo"
      },
      {
        "kind": "HasProjectCapability",
        "capability": "DotNetCoreWeb"
      },
      {
        "kind": "IsPackageInstalledAtLeastVersion",
        "minVersion": "5.0",
        "packageName": "Swashbuckle.AspNetCore"
      }
    ]
  },
  "functionAppCanHaveApi": {
    "kind": "and",
    "operands": [
      {
        "kind": "not",
        "operand": {
          "kind": "ProjectProperty",
          "propertyName": "AzureFunctionsVersion",
          "expectedValue": "v1"
        }
      },
      {
        "$ref": "#/isAzureFunction"
      },
      {
        "kind": "or",
        "operands": [
          {
            "kind": "IsPackageInstalledAtLeastVersion",
            "minVersion": "0.8.1-preview",
            "packageName": "Microsoft.Azure.Functions.Worker.Extensions.OpenApi"
          },
          {
            "kind": "IsPackageInstalledAtLeastVersion",
            "minVersion": "0.5.1-preview",
            "packageName": "Microsoft.Azure.WebJobs.Extensions.OpenApi"
          }
        ]
      }
    ]
  },
  "hasDockerFile": {
    "kind": "HasProjectItem",
    "projectItem": "dockerFile"
  },
  "isAppServicePublish": {
    "kind": "HasProjectCapability",
    "capability": "AppServicePublish"
  },
  "isARM64Process": {
    "kind": "IsARM64Process"
  },
  "isAzureFunction": {
    "kind": "or",
    "operands": [
      {
        "kind": "HasProjectCapability",
        "capability": "AzureFunctions"
      },
      {
        "kind": "and",
        "operands": [
          {
            "kind": "HasProjectItem",
            "projectItem": "local.settings.json"
          },
          {
            "kind": "HasProjectItem",
            "projectItem": "host.json"
          }
        ]
      }
    ]
  },
  "isRemoteServer": {
    "kind": "IsRemoteServer"
  },
  "isNotRemoteServer": {
    "kind": "not",
    "operand": {
      "$ref": "#/isRemoteServer"
    }
  },
  "isAzureFunctionLinuxSupported": {
    "kind": "and",
    "operands": [
      { "$ref": "#/isAzureFunction" },
      {
        "kind": "not",
        "operand": {
          "kind": "or",
          "operands": [
            { "$ref": "#/isNetFramework" },
            {
              "kind": "ProjectProperty",
              "propertyName": "AzureFunctionsVersion",
              "expectedValue": "v2"
            }
          ]
        }
      }
    ]
  },
  "isBlazorWASM": {
    "kind": "HasProjectCapability",
    "capability": "WebAssembly"
  },
  "isConsoleWebJob": {
    "kind": "and",
    "operands": [
      { "$ref": "#/isNotWebProject" },
      { "$ref": "#/isAppServicePublish" },
      {
        "kind": "not",
        "operand": {
          "$ref": "#/isLibraryProjectOutputType"
        }
      },
      {
        "kind": "not",
        "operand": {
          "$ref": "#/isAzureFunction"
        }
      }
    ]
  },
  "isConsoleApp": {
    "kind": "or",
    "operands": [
      { "$ref": "#/isAzureFunctionLinuxSupported" },
      {
        "kind": "and",
        "operands": [
          {
            "kind": "not",
            "operand": {
              "$ref": "#/isAzureFunction"
            }
          },
          { "$ref": "#/isDotNetCoreConsole" }
        ]
      }
    ]
  },
  "isContainerRegistrySupported": {
    "kind": "and",
    "operands": [
      {
        "kind": "not",
        "operand": {
          "$ref": "#/isMauiProject"
        }
      },
      {
        "kind": "not",
        "operand": {
          "$ref": "#/isARM64Process"
        }
      }
    ]
  },
  "isNotContainerRegistrySupported": {
    "kind": "not",
    "operand": {
      "$ref": "#/isContainerRegistrySupported"
    }
  },
  "isClassicConsoleWebJob": {
    "kind": "and",
    "operands": [
      { "$ref": "#/isNotWebProject" },
      { "$ref": "#/isAppServicePublish" },
      {
        "kind": "not",
        "operand": {
          "$ref": "#/isLibraryProjectOutputType"
        }
      },
      {
        "kind": "not",
        "operand": {
          "$ref": "#/isCps"
        }
      }
    ]
  },
  "isContainerAppEnvironment": {
    "kind": "EnvironmentProperty",
    "property": "PublishProvider",
    "value": "ContainerApp"
  },
  "isContainerBuildSelectionEnabled": {
    // FIXME: always show the Container Build selection step for now. Once
    // .NET SDK consolidates this functionality, we can effectively check this condition
    "kind": "bool",
    "value": true
    //"kind": "ProjectProperty",
    //"propertyName": "SDKContainerSupportEnabled",
    //"expectedValue": "true"
  },
  "isCps": {
    "kind": "HasProjectCapability",
    "capability": "CPS"
  },
  "isDotNet": {
    "kind": "HasProjectCapability",
    "capability": ".NET"
  },
  "isDotNetCore": {
    "kind": "and",
    "operands": [
      { "$ref": "#/isCps" },
      { "$ref": "#/isDotNet" }
    ]
  },
  "isDotNetCoreConsole": {
    "kind": "and",
    "operands": [
      { "$ref": "#/isDotNetCore" },
      { "$ref": "#/isNotWebProject" }
    ]
  },
  "isDotNetCoreWeb": {
    "kind": "HasProjectCapability",
    "capability": "DotNetCoreWeb"
  },
  "isDotNetCoreWorker": {
    "kind": "HasProjectCapability",
    "capability": "DotNetCoreWorker"
  },
  "isDotNetApp": {
    "kind": "and",
    "operands": [
      {
        "kind": "or",
        "operands": [
          { "$ref": "#/isDotNetCoreWeb" },
          { "$ref": "#/isWAP" }
        ]
      },
      {
        "kind": "not",
        "operand": {
          "$ref": "#/isWebSite"
        }
      }
    ]
  },
  "isFolderPublish": {
    "kind": "HasProjectCapability",
    "capability": "FolderPublish"
  },
  "isLibraryProjectOutputType": {
    "kind": "ProjectProperty",
    "propertyName": "OutputType",
    "expectedValue": "library"
  },
  "isMauiProject": {
    "kind": "HasProjectCapability",
    "capability": "Maui"
  },
  "isNotWebProject": {
    "kind": "and",
    "operands": [
      {
        "kind": "not",
        "operand": {
          "$ref": "#/isWeb"
        }
      },
      {
        "kind": "not",
        "operand": {
          "$ref": "#/isWebSite"
        }
      }
    ]
  },
  "isPublishModeEnabled": {
    "kind": "PublishMode"
  },
  "isNetStandard": {
    "kind": "HasTargetFramework",
    "tfmPrefixOrFull": ".NetStandard"
  },
  "isNetFramework": {
    "kind": "HasTargetFramework",
    "tfmPrefixOrFull": ".NetFramework"
  },
  "isDotNetCoreWebAndNotNetStandard": {
    "kind": "and",
    "operands": [
      { "$ref": "#/isDotNetCoreWeb" },
      {
        "kind": "not",
        "operand": {
          "$ref": "#/isNetStandard"
        }
      }
    ]
  },
  "isDotNetCoreWeb31AndNotNetStandard": {
    "kind": "and",
    "operands": [
      { "$ref": "#/isDotNetCoreWebAndNotNetStandard" },
      {
        "kind": "TfmVersionComparison",
        "tfmType": "netcore",
        "version": "3.1",
        "comparison": "GreaterThanOrEqualTo"
      }
    ]
  },
  "isDotNetCoreWeb31AndNotNetStandardExact": {
    "kind": "and",
    "operands": [
      { "$ref": "#/isDotNetCoreWebAndNotNetStandard" },
      {
        "kind": "TfmVersionComparison",
        "tfmType": "netcore",
        "version": "3.1",
        "comparison": "Equals"
      }
    ]
  },
  "isSolutionLevelOperation": {
    "kind": "SolutionLevelOperation"
  },
  "isSteelToe24OrHigher": {
    "kind": "and",
    "operands": [
      { "$ref": "#/isDotNetCoreWeb31AndNotNetStandard" },
      {
        "kind": "IsPackageInstalledAtLeastVersion",
        "minVersion": "2.4",
        "packageNames": [
          "Steeltoe.CircuitBreaker.HystrixCore",
          "Steeltoe.CircuitBreaker.Hystrix.MetricsStreamCore",
          "Steeltoe.CircuitBreaker.Hystrix.MetricsEventsCore",
          "Steeltoe.CloudFoundry.Connector.EFCore",
          "Steeltoe.CloudFoundry.ConnectorCore",
          "Steeltoe.Connector.ConnectorCore",
          "Steeltoe.Discovery.ClientCore",
          "Steeltoe.Extensions.Configuration.CloudFoundryCore",
          "Steeltoe.Extensions.Configuration.ConfigServerCore",
          "Steeltoe.Extensions.Configuration.PlaceholderCore",
          "Steeltoe.Extensions.Configuration.RandomValueBase",
          "Steeltoe.Extensions.Logging.DynamicLogger",
          "Steeltoe.Management.CloudFoundryCore",
          "Steeltoe.Management.ExporterCore"
        ]
      }
    ]
  },
  "isWizardEditMode": {
    "kind": "ProjectContextParameter",
    "parameterName": "IsEditing",
    "expectedValue": "true"
  },
  "hasAzureSpringCloudClient": {
    "kind": "IsPackageInstalledAtLeastVersion",
    "minVersion": "1.0.0-alpha.1",
    "packageNames": [
      "Microsoft.Azure.SpringCloud.Client"
    ]
  },
  "canPublishToSpringCloud": {
    "kind": "and",
    "operands": [
      { "$ref": "#/isDotNetCoreWeb31AndNotNetStandard" },
      {
        "kind": "or",
        "operands": [
          { "$ref": "#/hasAzureSpringCloudClient" },
          { "$ref": "#/isSteelToe24OrHigher" }
        ]
      }
    ]
  },
  "canGithubActionToSpringCloud": {
    "kind": "and",
    "operands": [
      { "$ref": "#/isDotNetCoreWeb31AndNotNetStandardExact" },
      {
        "kind": "or",
        "operands": [
          { "$ref": "#/hasAzureSpringCloudClient" },
          { "$ref": "#/isSteelToe24OrHigher" }
        ]
      }
    ]
  },
  "isWAP": {
    "kind": "and",
    "operands": [
      { "$ref": "#/allWebProjects" },
      {
        "kind": "not",
        "operand": {
          "$ref": "#/isDotNetCoreWeb"
        }
      }
    ]
  },
  "isWeb": {
    "kind": "HasProjectCapability",
    "capability": "Web"
  },
  "isWebSite": {
    "kind": "HasProjectCapability",
    "capability": "WebsiteProject"
  },
  "supportsFtp": {
    "kind": "BoolFromDataProducer",
    "dataProducer": "SupportsFtp"
  },
  "notSupportsFtp": {
    "kind": "not",
    "operand": {
      "$ref": "#/supportsFtp"
    }
  },
  "hasGitHubProvisioningServicePushAndCommit": {
    "kind": "EnvironmentVariable",
    "name": "PublishGitHub_EnableAutomaticCommit",
    "value": "1"
  },
  "isAzDevRepo": {
    "kind": "AzDevRepo"
  }
}
