{
  "az_cli_userrun": "az",
  "az_cli_shellrun": "az.cmd",
  "az_cli_verbosity_parameter": "--only-show-errors",
  "AzCliAppService": {
    "az_cli_userrun": { "$ref": "#/az_cli_userrun" },
    "az_cli_shellrun": { "$ref": "#/az_cli_shellrun" },
    "az_cli_verbosity_parameter": { "$ref": "#/az_cli_verbosity_parameter" },
    "az_cli_webapp_publishprofiles": "{0} webapp deployment list-publishing-profiles --name {1} --resource-group {2} --subscription {3} --xml {4}",
    "az_cli_webapp_publishprofiles_parameters": "{web-app-name},{resource-group},{subscription-id}"
  },
  "AzCliFunctionApp": {
    "az_cli_userrun": { "$ref": "#/az_cli_userrun" },
    "az_cli_shellrun": { "$ref": "#/az_cli_shellrun" },
    "az_cli_verbosity_parameter": { "$ref": "#/az_cli_verbosity_parameter" },
    "az_cli_webapp_publishprofiles": { "$ref": "#/AzCliAppService/az_cli_webapp_publishprofiles" },
    "az_cli_webapp_publishprofiles_parameters": "{function-app-name},{resource-group},{subscription-id}"
  },
  "AzCliAppServiceApiM": {
    "az_cli_userrun": { "$ref": "#/az_cli_userrun" },
    "az_cli_shellrun": { "$ref": "#/az_cli_shellrun" },
    "az_cli_verbosity_parameter": { "$ref": "#/az_cli_verbosity_parameter" },
    "az_cli_webapp_publishprofiles": { "$ref": "#/AzCliAppService/az_cli_webapp_publishprofiles" },
    "az_cli_webapp_publishprofiles_parameters": { "$ref": "#/AzCliAppService/az_cli_webapp_publishprofiles_parameters" },
    "az_cli_ad_serviceprincipal": "{0} ad sp create-for-rbac --name {1} --role contributor --scopes /subscriptions/{2}/resourceGroups/{3} --json-auth {4}",
    "az_cli_ad_serviceprincipal_parameters": "{api-management-name},{subscription-id},{resource-group}"
  },
  "AzCliContainerApp": {
    "az_cli_userrun": { "$ref": "#/az_cli_userrun" },
    "az_cli_shellrun": { "$ref": "#/az_cli_shellrun" },
    "az_cli_verbosity_parameter": { "$ref": "#/az_cli_verbosity_parameter" },
    "az_cli_ad_serviceprincipal": "{0} ad sp create-for-rbac --name {1} --role contributor --scopes /subscriptions/{2}/resourceGroups/{3}/providers/Microsoft.App/containerApps/{4} /subscriptions/{5}/resourceGroups/{6}/providers/Microsoft.App/managedEnvironments/{7} --json-auth {8}",
    "az_cli_ad_serviceprincipal_parameters": "{container-app-name},{container-app-subscription-id},{container-app-resource-group},{container-app-name},{container-app-environment-subscription-id},{container-app-environment-resource-group},{container-app-environment-name}"
  },
  "AzCliContainerAppEnvironment": {
    "az_cli_userrun": { "$ref": "#/az_cli_userrun" },
    "az_cli_shellrun": { "$ref": "#/az_cli_shellrun" },
    "az_cli_verbosity_parameter": { "$ref": "#/az_cli_verbosity_parameter" },
    "az_cli_ad_serviceprincipal": "{0} ad sp create-for-rbac --name {1} --role contributor --scopes /subscriptions/{2}/resourceGroups/{3} --json-auth {5}",
    "az_cli_ad_serviceprincipal_parameters": "{container-app-env-name},{container-app-subscription-id}, {container-app-env-resource-group}"
  },
  "AzCliFunctionAppApiM": {
    "az_cli_userrun": { "$ref": "#/az_cli_userrun" },
    "az_cli_shellrun": { "$ref": "#/az_cli_shellrun" },
    "az_cli_verbosity_parameter": { "$ref": "#/az_cli_verbosity_parameter" },
    "az_cli_webapp_publishprofiles": { "$ref": "#/AzCliFunctionApp/az_cli_webapp_publishprofiles" },
    "az_cli_webapp_publishprofiles_parameters": { "$ref": "#/AzCliFunctionApp/az_cli_webapp_publishprofiles_parameters" },
    "az_cli_ad_serviceprincipal": { "$ref": "#/AzCliAppServiceApiM/az_cli_ad_serviceprincipal" },
    "az_cli_ad_serviceprincipal_parameters": { "$ref": "#/AzCliAppServiceApiM/az_cli_ad_serviceprincipal_parameters" }
  },
  "AzCliKubernetesService": {
    "az_cli_userrun": { "$ref": "#/az_cli_userrun" },
    "az_cli_shellrun": { "$ref": "#/az_cli_shellrun" },
    "az_cli_verbosity_parameter": { "$ref": "#/az_cli_verbosity_parameter" },
    "az_cli_ad_serviceprincipal": "{0} ad sp create-for-rbac --name {1} --role contributor --scopes /subscriptions/{2}/resourceGroups/{3}/providers/Microsoft.ContainerService/managedClusters/{4} --json-auth {5}",
    "az_cli_ad_serviceprincipal_parameters": "{kubernetes-service-name},{kubernetes-service-subscription-id},{kubernetes-service-resource-group},{kubernetes-service-name}"
  },
  "AzCliSpringCloudSteelToe": {
    "az_cli_userrun": { "$ref": "#/az_cli_userrun" },
    "az_cli_shellrun": { "$ref": "#/az_cli_shellrun" },
    "az_cli_verbosity_parameter": { "$ref": "#/az_cli_verbosity_parameter" },
    "az_cli_ad_serviceprincipal": "{0} ad sp create-for-rbac --name {1} --role contributor --scopes /subscriptions/{2}/resourceGroups/{3}/providers/Microsoft.AppPlatform/Spring/{4} --json-auth {5}",
    "az_cli_ad_serviceprincipal_parameters": "{web-app-name},{subscription-id},{resource-group},{springcloud-service}"
  },
  "AzCliStaticWebApp": {
    "az_cli_userrun": { "$ref": "#/az_cli_userrun" },
    "az_cli_shellrun": { "$ref": "#/az_cli_shellrun" },
    "az_cli_verbosity_parameter": { "$ref": "#/az_cli_verbosity_parameter" },
    "az_cli_ad_serviceprincipal": "{0} staticwebapp secrets list --name {1} --subscription {2}",
    "az_cli_ad_serviceprincipal_parameters": "{staticwebapp-name},{subscription-name}"
  }
}
