{
  "pubxml": {
    "providers": [
      "PublishProgress",
      "PublishHistory",
      "PublishReady"
    ]
  },
  "pubxmlFtp": {
    "providers": [
      "FtpSupported",
      "PublishProgress",
      "PublishHistory",
      "PublishReady"
    ]
  },
  "pubxmlContainers": {
    "providers": [
      "ContainersSupported",
      "PublishProgress",
      "PublishHistory",
      "PublishReady"
    ]
  },
  "pubxmlDotNetSdkContainers": {
    "providers": [
      "ContainerPublishLinuxX64",
      "PublishProgress",
      "PublishHistory",
      "PublishReady"
    ]
  },
  "yaml": {
    "providers": [
      "WorkflowProgress",
      "WorkflowManualProvisionStatus",
      "WorkflowStatus"
    ]
  }
}
