{
  "azureCategoryName": "Azure",
  "azureCategoryDescription": "Hosten Sie Ihre Anwendung in Microsoft Cloud.",
  "azureCategoryMultipleTargetsDescription": "Welchen Azure-Dienst möchten Sie zum Hosten Ihrer Anwendung verwenden?",
  "containerRegistryCategoryName": "Docker-Containerregistrierung",
  "containerRegistryCategoryDescription": "Hiermit veröffentlichen Sie Ihre Anwendung in einer beliebigen unterstützten Containerregistrierung, die mit Docker-Images verwendet werden kann.",
  "containerRegistryCategoryMultipleTargetsDescription": "Welche Containerregistrierung möchten Sie zum Hosten Ihrer Anwendung verwenden?",
  "folderCategoryName": "Ordner",
  "folderCategoryDescription": "Hiermit veröffentlichen Sie Ihre Anwendung in einem lokalen Ordner oder einer Dateifreigabe.",
  "folderCategoryMultipleTargetsDescription": "In welchem lokalen Ziel soll die Veröffentlichung erfolgen?",
  "ftpCategoryName": "FTP/FTPS-Server",
  "ftpCategoryDescription": "Hiermit veröffentlichen Sie Ihre Anwendung auf einem FTP/FTPS-Server.",
  "iisCategoryName": "Webserver (IIS)",
  "iisCategoryDescription": "Hiermit veröffentlichen Sie Ihre Anwendung über Web Deploy oder ein Web Deploy-Paket in IIS.",
  "importCategoryName": "Profil importieren",
  "importCategoryDescription": "Hiermit importieren Sie Ihre Veröffentlichungseinstellungen zum Bereitstellen Ihrer App.",
  "azureAppServiceContainerLinuxTargetName": "Azure App Service-Container",
  "azureAppServiceContainerLinuxTargetDescription": "Hiermit veröffentlichen Sie Ihre Anwendung als Docker-Image in Azure Container Registry und führen sie in Azure App Service aus.",
  "azdevAppServiceTargetName": "Azure Developer CLI-Umgebung",
  "azdevAppServiceTargetDescription": "Ihren Anwendungscode auf einem der aktuellen Azure Developer CLI-Umgebung zugeordneten Remotehost veröffentlichen",
  "azureAppServiceLinuxTargetName": "Azure App Service (Linux)",
  "azureAppServiceLinuxTargetDescription": "Hiermit veröffentlichen Sie Ihren Anwendungscode in einer verwalteten Infrastruktur, die einfach zu skalieren ist.",
  "azureAppServiceWindowsTargetName": "Azure App Service (Windows)",
  "azureAppServiceWindowsTargetDescription": "Hiermit veröffentlichen Sie Ihren Anwendungscode in einer verwalteten Infrastruktur, die einfach zu skalieren ist.",
  "azureContainerAppLinuxTargetName": "Azure Container Apps (Linux)",
  "azureContainerAppLinuxTargetDescription": "Ausführen skalierbarer Containeranwendungen und Microservices auf einer serverlosen Plattform in Azure",
  "azureContainerRegistryTargetName": "Azure-Containerregistrierung",
  "azureContainerRegistryTargetDescription": "Hiermit veröffentlichen Sie Ihre Anwendung als Docker-Image in Azure Container Registry.",
  "azureFunctionAppContainerLinuxTargetName": "Container für Azure-Funktions-Apps",
  "azureFunctionAppContainerLinuxTargetDescription": "Hiermit veröffentlichen Sie Ihre Anwendung als Docker-Image in Azure Container Registry und führen sie in einer Azure-Funktions-App aus.",
  "azureFunctionAppLinuxTargetName": "Azure-Funktions-App (Linux)",
  "azureFunctionAppLinuxTargetDescription": "Hiermit veröffentlichen Sie Ihren Anwendungscode in einer Computeressource ohne Server, die dynamisch skaliert wird und bei Bedarf Code ausführt.",
  "azureFunctionAppWindowsTargetName": "Azure-Funktions-App (Windows)",
  "azureFunctionAppWindowsTargetDescription": "Hiermit veröffentlichen Sie Ihren Anwendungscode in einer Computeressource ohne Server, die dynamisch skaliert wird und bei Bedarf Code ausführt.",
  "azureKubernetesServiceTargetName": "Azure Kubernetes Service",
  "azureKubernetesServiceTargetDescription": "Verwalten von Kubernetes-Clustern für die Containerorchestrierung auf Unternehmensniveau in Azure",
  "azureSpringCloudSteelToeTargetName": "Azure Spring Cloud",
  "azureSpringCloudSteelToeTargetDescription": "Veröffentlichen Sie Ihren Anwendungscode in einem vollständig verwalteten Dienst mit verwalteten Spring Cloud-Komponenten für Dienstregistrierung und Konfigurationsverwaltung.",
  "azureStaticWebAppTargetName": "Azure Static Web Apps",
  "azureStaticWebAppTargetDescription": "Veröffentlichen Ihres Anwendungscodes auf einer serverlosen Plattform in Azure",
  "azureVirtualMachineTargetName": "Virtueller Azure-Computer",
  "azureVirtualMachineTargetDescription": "Hiermit verwalten Sie Ihre eigene Infrastruktur.",
  "azureWebJobsTargetName": "Azure WebJobs",
  "azureWebJobsTargetDescription": "Hiermit veröffentlichen Sie Ihren Anwendungscode in einer verwalteten Infrastruktur, die einfach zu skalieren ist.",
  "azureWebJobsCreateNewText": "Neue Azure WebJob-Instanz erstellen...",
  "azureWebJobsDescription": "Vorhandene Azure WebJob-Instanz auswählen oder neue Instanz erstellen",
  "dockerContainerRegistryTargetName": "Docker Hub",
  "dockerContainerRegistryTargetDescription": "Hiermit veröffentlichen Sie Ihre Anwendung als Docker-Image in Docker Hub.",
  "dockerCustomContainerRegistryTargetName": "Andere Docker-Containerregistrierung",
  "dockerCustomContainerRegistryTargetDescription": "Hiermit veröffentlichen Sie Ihre Anwendung als Docker-Image in einer beliebigen unterstützten Containerregistrierung.",
  "ftpSitePath": "Pfad der FTP-Site",
  "ftpPassiveMode": "Passiver FTP-Modus",
  "ftpTargetName": "FTP-Server",
  "ftpTargetDescription": "Hiermit veröffentlichen Sie Ihren Anwendungscode auf einem FTP-Server.",
  "iisAppPath": "IIS-Anwendung",
  "iisWebDeployTargetName": "Web Deploy",
  "iisWebDeployTargetDescription": "Hiermit veröffentlichen Sie Ihren Anwendungscode über Web Deploy in IIS.",
  "iisWebDeployPackageTargetName": "Web Deploy-Paket",
  "iisWebDeployPackageTargetDescription": "Hiermit veröffentlichen Sie Ihren Anwendungscode über ein Web Deploy-Paket in IIS.",
  "attentionRequired": "Eingreifen erforderlich",
  "azCopyService": "Azure Storage AzCopy",
  "azCopyServiceDescription": "Ermöglicht das Kopieren von Dateien in eine Vielzahl von Azure-Diensten.",
  "apiLocation": "API-Speicherort",
  "appLocation": "App-Speicherort",
  "azureApiManagement": "Azure API Management",
  "containerBuild": "Container Build",
  "containerName": "Containername",
  "containerRegistrySecrets": "Container Registry-Geheimnis",
  "copied": "Kopiert",
  "deleteAdditionalFiles": "Zusätzliche Dateien am Ziel löschen",
  "deleteExistingFiles": "Vorhandene Dateien löschen",
  "deploymentMode": "Bereitstellungsmodus",
  "deploymentSlot": "Bereitstellungsplatz",
  "defaultTargetName": "Standard",
  "defaultTargetDescription": "Standard",
  "editConfiguration": "Konfiguration bearbeiten",
  "editDeleteExistingFiles": "Löschen vorhandener Dateien bearbeiten",
  "editDeploymentMode": "Bereitstellungsmodus bearbeiten",
  "editPassword": "Passwort bearbeiten",
  "editSdkVersion": "SDK-Version bearbeiten",
  "editTargetRuntime": "Ziellaufzeit bearbeiten",
  "editTargetVersion": "Zielframework bearbeiten",
  "editUserName": "Benutzernamen bearbeiten",
  "editWebJobName": "Web-Auftragstypnamen bearbeiten",
  "editWebJobType": "Web-Auftragstyp bearbeiten",
  "editWorkflow": "Workflow bearbeiten",
  "environment": "Umgebung",
  "environmentName": "Umgebungsname",
  "error": "Fehler",
  "frameworkDependent": "Frameworkabhängig",
  "githubGettingWorkflowStatus": "Workflowstatus wird abgerufen",
  "githubSecret": "Name des GitHub-Geheimnisses",
  "githubSecretExists": "Geheimnis im Repository gefunden",
  "gitHubServicePrincipalSecret": "Geheimnisname für GitHub-Dienstprinzipal",
  "githubActionsWorkflow": "GitHub Actions-Workflow",
  "github_secret_help_description": "Wie werden Geheimnisse in Workflows verwendet?",
  "github_serviceprincipal_help_description": "Warum ist der Dienstprinzipal erforderlich?",
  "hostingSection": "Hosting",
  "imageName": "Imagename",
  "imageTag": "Imagetag",
  "installSiteExtensions": "ASP.NET Core-Websiteerweiterung installieren",
  "lastUsedBuildConfiguration": "Konfiguration",
  "ok": "OK",
  "openFolder": "Ordner öffnen",
  "openSite": "Website öffnen",
  "outputLocation": "Ausgabespeicherort",
  "password": "Kennwort",
  "portable": "Portierbar",
  "publishProfileSecret": "Geheimnis für Veröffentlichungsprofil",
  "repository": "Repository",
  "resourceGroup": "Ressourcengruppe",
  "resourceName": "Ressourcenname",
  "sdkVersion": ".NET SDK-Version",
  "selfContained": "Eigenständig",
  "server": "Server",
  "serviceDependenciesSection": "Dienstabhängigkeiten",
  "servicePrincipalSecret": "Geheimnis des Dienstprinzipals",
  "settingsSection": "Einstellungen",
  "showAll": "Alle Einstellungen anzeigen",
  "siteUrl": "Website-URL",
  "site": "Site:",
  "source": "Quelle",
  "subscription": "Abonnement",
  "targetFramework": "Zielframework",
  "targetLocation": "Zielstandort",
  "targetRuntime": "Zielruntime",
  "userName": "Benutzername",
  "vsWebWorkload": "ASP.NET und Webentwicklung",
  "vsWebWorkloadDescription": "Hiermit erstellen Sie Webanwendungen mit ASP.NET Core, ASP.NET, HTML/JavaScript und Containern, einschließlich Unterstützung für Docker.",
  "warning": "Warnung",
  "willBeGeneratedDuringPublish": "<Wird bei der Veröffentlichung generiert>",
  "webJobName": "WebJob-Name",
  "webJobType": "WebJob-Typ",
  "workflowTriggers": "Trigger",
  "containerPrereqFailure": "Containervoraussetzungen fehlten.",
  "editCredentials": "Anmeldeinformationen bearbeiten",
  "failedToGenerateAndPushSwagger": "Fehler beim Generieren und Pushen der OpenAPI-Definition an API Management nach der Bereitstellung.",
  "failedToPushSwagger": "Fehler beim Pushen der OpenAPI-Definition an API Management nach der Bereitstellung.",
  "failedToPushToACRForAppService": "Fehler beim Pushen des Docker-Images an Ihre Azure Container Registry zur Verwendung in Ihrem Azure App Service.",
  "failedToPushToACRForContainerApps": "Fehler beim Pushen des Docker-Images an Ihren Azure Container Registry zur Verwendung in Ihrer Azure Container App.",
  "failedToPushToContainerRegistry": "Das Docker-Image konnte nicht in Ihre Container Registry übertragen werden",
  "openInAppInsights": "In Application Insights öffnen",
  "profileLacksCreds": "Um dieses Profil zu veröffentlichen, muss das Profil über Anmeldeinformationen verfügen.",
  "seeLogsInOutputPane": "Protokolle im Ausgabefenster anzeigen",
  "siteDidNotStart": "Visual Studio konnte nicht bestätigen, dass Ihre Anwendung gestartet werden konnte.",
  "basicAuthDisabled": "Die Standardauthentifizierung ist für den ausgewählten Azure-Dienst nicht aktiviert."
}