{
  "azureCategoryName": "Azure",
  "azureCategoryDescription": "Ospita la tua applicazione nel cloud Microsoft",
  "azureCategoryMultipleTargetsDescription": "Specificare il servizio Azure da usare per ospitare l'applicazione:",
  "containerRegistryCategoryName": "Registro Container Docker",
  "containerRegistryCategoryDescription": "Pubblica l'applicazione in qualsiasi Registro Container supportato compatibile con immagini Docker",
  "containerRegistryCategoryMultipleTargetsDescription": "Specificare il Registro Container da usare per ospitare l'applicazione:",
  "folderCategoryName": "Cartella",
  "folderCategoryDescription": "Pubblica l'applicazione in una cartella o in una condivisione file locale",
  "folderCategoryMultipleTargetsDescription": "Specificare la destinazione locale in cui eseguire la pubblicazione:",
  "ftpCategoryName": "Server FTP/FTPS",
  "ftpCategoryDescription": "Pubblica l'applicazione in un server FTP/FTPS",
  "iisCategoryName": "Server Web (IIS)",
  "iisCategoryDescription": "Pubblica l'applicazione in IIS con Distribuzione Web o Pacchetto di Distribuzione Web",
  "importCategoryName": "Importa profilo",
  "importCategoryDescription": "Importa le impostazioni di pubblicazione per distribuire l'app",
  "azureAppServiceContainerLinuxTargetName": "Contenitore Servizio app di Azure",
  "azureAppServiceContainerLinuxTargetDescription": "Pubblica l'applicazione come immagine Docker in Registro Azure Container e la esegue in Servizio app di Azure",
  "azdevAppServiceTargetName": "Ambiente di Azure Developer CLI",
  "azdevAppServiceTargetDescription": "Pubblicare il codice dell'applicazione in un host remoto associato all'ambiente corrente di Azure Developer CLI",
  "azureAppServiceLinuxTargetName": "Servizio app di Azure (Linux)",
  "azureAppServiceLinuxTargetDescription": "Pubblica il codice dell'applicazione in un'infrastruttura gestita facile da ridimensionare",
  "azureAppServiceWindowsTargetName": "Servizio app di Azure (Windows)",
  "azureAppServiceWindowsTargetDescription": "Pubblica il codice dell'applicazione in un'infrastruttura gestita facile da ridimensionare",
  "azureContainerAppLinuxTargetName": "App contenitore di Azure (Linux)",
  "azureContainerAppLinuxTargetDescription": "Eseguire applicazioni e microservizi in contenitori scalabili in una piattaforma serverless di Azure",
  "azureContainerRegistryTargetName": "Registro Azure Container",
  "azureContainerRegistryTargetDescription": "Pubblica l'applicazione come immagine Docker in Registro Azure Container",
  "azureFunctionAppContainerLinuxTargetName": "Contenitore di app per le funzioni di Azure",
  "azureFunctionAppContainerLinuxTargetDescription": "Pubblica l'applicazione come immagine Docker in Registro Azure Container e la esegue nell'app per le funzioni di Azure",
  "azureFunctionAppLinuxTargetName": "App per le funzioni di Azure (Linux)",
  "azureFunctionAppLinuxTargetDescription": "Pubblica il codice dell'applicazione in un'elaborazione serverless per il dimensionamento dinamico e l'esecuzione di codice su richiesta",
  "azureFunctionAppWindowsTargetName": "App per le funzioni di Azure (Windows)",
  "azureFunctionAppWindowsTargetDescription": "Pubblica il codice dell'applicazione in un'elaborazione serverless per il dimensionamento dinamico e l'esecuzione di codice su richiesta",
  "azureKubernetesServiceTargetName": "Servizio Azure Kubernetes",
  "azureKubernetesServiceTargetDescription": "Gestire i cluster Kubernetes per l'orchestrazione di contenitori di livello aziendale in Azure",
  "azureSpringCloudSteelToeTargetName": "Azure Spring Cloud",
  "azureSpringCloudSteelToeTargetDescription": "Pubblica il codice dell'applicazione in un servizio completamente gestito con i componenti gestiti di Spring Cloud nel registro del servizio e nella gestione della configurazione.",
  "azureStaticWebAppTargetName": "App Web statiche di Azure",
  "azureStaticWebAppTargetDescription": "Pubblica il codice dell'applicazione in una piattaforma serverless in Azure",
  "azureVirtualMachineTargetName": "Macchina virtuale di Azure",
  "azureVirtualMachineTargetDescription": "Consente di gestire l'infrastruttura personale",
  "azureWebJobsTargetName": "Processi Web di Azure",
  "azureWebJobsTargetDescription": "Pubblica il codice dell'applicazione in un'infrastruttura gestita facile da ridimensionare",
  "azureWebJobsCreateNewText": "Crea una nuova istanza di Processi Web di Azure...",
  "azureWebJobsDescription": "Consente di selezionare un'istanza di Processi Web di Azure",
  "dockerContainerRegistryTargetName": "Docker Hub",
  "dockerContainerRegistryTargetDescription": "Pubblica l'applicazione come immagine Docker in Docker Hub",
  "dockerCustomContainerRegistryTargetName": "Altro Registro Container Docker",
  "dockerCustomContainerRegistryTargetDescription": "Pubblica l'applicazione come immagine Docker in qualsiasi Registro Container supportato",
  "ftpSitePath": "Percorso del sito FTP",
  "ftpPassiveMode": "Modalità passiva FTP",
  "ftpTargetName": "Server FTP",
  "ftpTargetDescription": "Pubblica il codice dell'applicazione in un server FTP",
  "iisAppPath": "Applicazione IIS",
  "iisWebDeployTargetName": "Distribuzione Web",
  "iisWebDeployTargetDescription": "Pubblica il codice dell'applicazione in IIS con Distribuzione Web",
  "iisWebDeployPackageTargetName": "Pacchetto di Distribuzione Web",
  "iisWebDeployPackageTargetDescription": "Pubblica il codice dell'applicazione in IIS con Pacchetto di Distribuzione Web",
  "attentionRequired": "È necessario un intervento dell'utente",
  "azCopyService": "AzCopy di Archiviazione di Azure",
  "azCopyServiceDescription": "Consente di copiare i file in una vasta gamma di servizi Azure",
  "apiLocation": "Località API",
  "appLocation": "Località app",
  "azureApiManagement": "Gestione API di Azure",
  "containerBuild": "Build contenitore",
  "containerName": "Nome contenitore",
  "containerRegistrySecrets": "Impostazioni del registro contenitori",
  "copied": "Copiato",
  "deleteAdditionalFiles": "Elimina file aggiuntivi nella destinazione",
  "deleteExistingFiles": "Elimina file esistenti",
  "deploymentMode": "Modalità di distribuzione",
  "deploymentSlot": "Slot di distribuzione",
  "defaultTargetName": "Impostazione predefinita",
  "defaultTargetDescription": "Impostazione predefinita",
  "editConfiguration": "Modifica configurazione",
  "editDeleteExistingFiles": "Modifica l'eliminazione dei file esistenti",
  "editDeploymentMode": "Modifica modalità di distribuzione",
  "editPassword": "Modifica password",
  "editSdkVersion": "Modifica versione SDK",
  "editTargetRuntime": "Modifica runtime di destinazione",
  "editTargetVersion": "Modifica framework di destinazione",
  "editUserName": "Modifica nome utente",
  "editWebJobName": "Modifica nome del processo Web",
  "editWebJobType": "Modifica tipo di processo Web",
  "editWorkflow": "Modifica flusso di lavoro",
  "environment": "Ambiente",
  "environmentName": "Nome ambiente",
  "error": "Errore",
  "frameworkDependent": "Dipendente dal framework",
  "githubGettingWorkflowStatus": "Recupero dello stato del flusso di lavoro",
  "githubSecret": "Nome del segreto GitHub",
  "githubSecretExists": "Segreto trovato nel repository",
  "gitHubServicePrincipalSecret": "Nome del segreto dell'entità servizio GitHub",
  "githubActionsWorkflow": "Flusso di lavoro di GitHub Actions",
  "github_secret_help_description": "Come vengono usati i segreti nei flussi di lavoro?",
  "github_serviceprincipal_help_description": "Perché è necessaria l'entità servizio?",
  "hostingSection": "Hosting",
  "imageName": "Nome dell'immagine",
  "imageTag": "Tag dell'immagine",
  "installSiteExtensions": "Installa estensione del sito ASP.NET Core",
  "lastUsedBuildConfiguration": "Configurazione",
  "ok": "OK",
  "openFolder": "Apri cartella",
  "openSite": "Apri sito",
  "outputLocation": "Percorso di output",
  "password": "Password",
  "portable": "Portabile",
  "publishProfileSecret": "Segreto del profilo di pubblicazione",
  "repository": "Repository",
  "resourceGroup": "Gruppo di risorse",
  "resourceName": "Nome della risorsa",
  "sdkVersion": "Versione di .NET SDK",
  "selfContained": "Completa",
  "server": "Server",
  "serviceDependenciesSection": "Dipendenze del servizio",
  "servicePrincipalSecret": "Segreto dell'entità servizio",
  "settingsSection": "Impostazioni",
  "showAll": "Mostra tutte le impostazioni",
  "siteUrl": "URL del sito",
  "site": "Sito:",
  "source": "Origine",
  "subscription": "Sottoscrizione",
  "targetFramework": "Framework di destinazione",
  "targetLocation": "Percorso di destinazione",
  "targetRuntime": "Runtime di destinazione",
  "userName": "Nome utente",
  "vsWebWorkload": "Sviluppo ASP.NET e Web",
  "vsWebWorkloadDescription": "Consente di creare applicazioni Web con ASP.NET Core, ASP.NET, HTML/JavaScript e contenitori, tra cui il supporto Docker.",
  "warning": "Avviso",
  "willBeGeneratedDuringPublish": "<Will be generated during publish>",
  "webJobName": "Nome del processo Web",
  "webJobType": "Tipo di processo Web",
  "workflowTriggers": "Trigger",
  "containerPrereqFailure": "Mancano i prerequisiti del contenitore.",
  "editCredentials": "Modifica credenziali",
  "failedToGenerateAndPushSwagger": "Non è stato possibile generare ed eseguire il push della definizione OpenAPI in Gestione API dopo la distribuzione.",
  "failedToPushSwagger": "Non è stato possibile eseguire il push della definizione OpenAPI in Gestione API dopo la distribuzione.",
  "failedToPushToACRForAppService": "Non è stato possibile eseguire il push dell'immagine Docker nel Registro Azure Container per l'uso nel Servizio app di Azure.",
  "failedToPushToACRForContainerApps": "Non è stato possibile eseguire il push dell'immagine Docker nel Registro Azure Container per l'uso nel Servizio App contenitore di Azure.",
  "failedToPushToContainerRegistry": "Non è stato possibile eseguire il push dell'immagine Docker nel Registro Container",
  "openInAppInsights": "Apri in Application Insights",
  "profileLacksCreds": "Per pubblicare questo profilo, è necessario che il profilo disponga delle credenziali.",
  "seeLogsInOutputPane": "Visualizza i log nella finestra di output",
  "siteDidNotStart": "Visual Studio non ha potuto confermare che l'applicazione è stata avviata.",
  "basicAuthDisabled": "L'autenticazione di base non è abilitata per il servizio di Azure selezionato."
}