{
  "image": {
    "$ref": "images:#/azureAppService"
  },
  "state": {
    "$ref": "/definitions/states.json#/pubxml"
  },
  "isPublishable": true,
  "publishSettings": {
    "prePublish": [
      "appServiceRuntimeDetection"
    ],
    "corePublish": [
      "build",
      "azDevDeploy"
    ],
    "postPublish": [
      "azDevShowSiteUrlInBrowser"
    ]
  },
  "globalCrudActions": [
    {
      "id": "edit",
      "provider": "azure"
    },
    {
      "id": "rename",
      "provider": "default"
    },
    {
      "id": "delete",
      "provider": "default"
    },
    {
      "id": "restore",
      "provider": "default"
    },
    {
      "id": "preview",
      "provider": "default"
    }
  ],
  "sections": [
    {
      "id": "Hosting",
      "displayName": {
        "$ref": "strings:#/hostingSection"
      },
      "actions": [
        {
          "id": "appServiceSettings",
          "provider": "azure"
        },
        {
          "id": "manageInAzurePortal",
          "provider": "azure"
        },
        {
          "id": "manageAppServiceApiInAzurePortal",
          "provider": "azure"
        },
        {
          "id": "attachDebugger",
          "provider": "azure"
        },
        {
          "id": "startProfiling",
          "provider": "azure"
        },
        {
          "id": "stopProfiling",
          "provider": "azure"
        },
        {
          "id": "viewStreamingLogs",
          "provider": "azure"
        },
        {
          "id": "startApplication",
          "provider": "azure"
        },
        {
          "id": "stopApplication",
          "provider": "azure"
        },
        {
          "id": "downloadPublishProfile",
          "provider": "azure"
        },
        {
          "id": "openTroubleshootingGuide",
          "provider": "default"
        }
      ],
      "bodyModel": {
        "summaryEntries": [
          "SubscriptionFromResourceId",
          "ResourceGroupFromResourceId",
          "ResourceNameFromResourceId"
        ],
        "advancedLink": {
          "displayName": {
            "$ref": "strings:#/site"
          },
          "propertyName": "SiteUrlToLaunchAfterPublish"
        }
      },
      "dynamicDataPoints": [
        "azureSiteFetched"
      ]
    },
    {
      "id": "Dependencies",
      "displayName": {
        "$ref": "strings:#serviceDependenciesSection"
      },
      "dynamicDataPoints": [
        "azureSiteFetchedDependency"
      ]
    }
  ],
  "dynamicData": [
    {
      "id": "grpcMessage",
      "kind": "message",
      "runOnClient": true,
      "trigger": "Activate"
    },
    {
      "id": "dotnetCorePreviewMessage",
      "kind": "message",
      "runOnClient": true,
      "trigger": "Activate"
    },
    {
      "id": "azureSite",
      "kind": "azureSiteFetched",
      "runOnClient": true,
      "trigger": "Activate"
    },
    {
      "id": "azureSite",
      "kind": "azureSiteFetchedDependency",
      "runOnClient": true,
      "trigger": "Activate"
    }
  ],
  "properties": {
    "OnPublishSuccessSiteOpenUrlProperties": {
      "$refmerge": "/definitions/viewProperties.json#/OnPublishSuccessSiteOpenUrlProperties"
    }
  },
  "helpFwlinkId": 865438
}
