{
  "image": {
    "$ref": "images:#/azureContainerAppLinux"
  },
  "isPublishable": true,
  "globalCrudActions": [
    {
      "id": "edit",
      "provider": "editSettingsOnly"
    },
    {
      "id": "rename",
      "provider": "default"
    },
    {
      "id": "delete",
      "provider": "default"
    }
  ],
  "sections": [
    {
      "id": "Settings",
      "displayName": {
        "$ref": "strings:#/settingsSection"
      },
      "bodyModel": {
        "summaryEntries": [
          "LastUsedBuildConfiguration",
          "ContainerBuild",
          "TargetFramework"
        ],
        "advancedAction": {
          "base": {
            "$refmerge": "/definitions/actions.json#/showAll"
          },
          "provider": "editSettingsOnly"
        }
      }
    },
    {
      "id": "Hosting",
      "displayName": {
        "$ref": "strings:#/hostingSection"
      },
      "actions": [
        {
          "id": "manageInAzurePortal",
          "provider": "azure"
        },
        {
          "id": "viewLogAnalytics",
          "provider": "azure"
        },
        {
          "id": "manageContainerAppSettings",
          "provider": "azure"
        }
      ],
      "bodyModel": {
        "summaryEntries": [
          "SubscriptionFromResourceId",
          "ResourceGroupFromResourceId",
          "ResourceNameFromResourceId",
          "Repository",
          "ImageName",
          "ContainerName",
          "EnvironmentName"
        ],
        "advancedLink": {
          "displayName": {
            "$ref": "strings:#/site"
          },
          "propertyName": "SiteUrlToLaunchAfterPublish"
        }
      },
      "dynamicDataPoints": [
        "azureSiteFetched"
      ]
    },
    {
      "id": "Dependencies",
      "displayName": {
        "$ref": "strings:#serviceDependenciesSection"
      },
      "dynamicDataPoints": [
        "azureSiteFetchedDependency"
      ]
    }
  ]
}
