{
  "image": {
    "$ref": "images:#/azureVirtualMachine"
  },
  "state": {
    "$ref": "/definitions/states.json#/pubxml"
  },
  "isPublishable": true,
  "globalCrudActions": [
    {
      "id": "edit",
      "provider": "default"
    },
    {
      "id": "rename",
      "provider": "default"
    },
    {
      "id": "delete",
      "provider": "default"
    },
    {
      "id": "preview",
      "provider": "default"
    }
  ],
  "sections": [
    {
      "id": "Settings",
      "displayName": {
        "$ref": "strings:#/settingsSection"
      },
      "bodyModel": {
        "summaryEntries": [
          "LastUsedBuildConfiguration",
          "TargetFramework"
        ],
        "advancedAction": {
          "base": {
            "$refmerge": "/definitions/actions.json#/showAll"
          },
          "provider": "default"
        }
      }
    },
    {
      "id": "Hosting",
      "displayName": {
        "$ref": "strings:#/hostingSection"
      },
      "actions": [
        {
          "id": "manageInAzurePortal",
          "provider": "azure"
        }
      ],
      "bodyModel": {
        "summaryEntries": [
          "SubscriptionFromResourceId",
          "ResourceGroupFromResourceId",
          "ResourceNameFromResourceId"
        ],
        "advancedLink": {
          "displayName": {
            "$ref": "strings:#/site"
          },
          "propertyName": "SiteUrlToLaunchAfterPublish"
        }
      },
      "dynamicDataPoints": [
        "azureSiteFetched"
      ]
    }
  ],
  "dynamicData": [
    {
      "id": "azureSite",
      "kind": "azureSiteFetched",
      "runOnClient": true,
      "trigger": "Activate"
    }
  ],
  "properties": {
    "OnPublishSuccessSiteOpenUrlProperties": {
      "$refmerge": "/definitions/viewProperties.json#/OnPublishSuccessSiteOpenUrlProperties"
    }
  }
}
