{
  "image": {
    "$ref": "images:#/github"
  },
  "state": {
    "$ref": "/definitions/states.json#/yaml"
  },
  "isPublishable": false,
  "globalCrudActions": [
    {
      "$refmerge": "/definitions/viewProperties.json#/GitWorkflow_GlobalCrudActions"
    },
    {
      "id": "restore",
      "provider": "default"
    }
  ],
  "sections": [
    {
      "$ref": "/definitions/viewProperties.json#/GitWorkflow_GitHubActions_Settings"
    },
    {
      "$ref": "/definitions/viewProperties.json#/GitWorkflow_Settings"
    },
    {
      "$ref": "/definitions/viewProperties.json#/GitWorkflow_FunctionApp_Hosting"
    },
    {
      "$ref": "/definitions/viewProperties.json#/GitWorkflow_Dependencies"
    }
  ],
  "dynamicData": [
    {
      "$refmerge": "/definitions/viewProperties.json#/GitWorkflow_DynamicData"
    },
    {
      "id": "appInsightsForFunctions",
      "kind": "message",
      "runOnClient": false,
      "trigger": "DependenciesChanged"
    }
  ],
  "properties": {
    "azcli": { "$refmerge": "/definitions/properties.json#/AzCliFunctionApp" },
    "github_secret_help_description": { "$ref": "strings:#/github_secret_help_description" },
    "github_secret_help_fwlink": 2155122,
    "SkipProfileUpdateAfterRestore": "true"
  }
}
