{
  "image": {
    "$ref": "images:#/azureContainerRegistry"
  },
  "state": {
    "$ref": "/definitions/states.json#/pubxmlContainers"
  },
  "isPublishable": true,
  "publishSettings": {
    "prePublish": [
      "checkContainerPrereq"
    ],
    "postPublish": [
      "containerPush"
    ]
  },
  "globalCrudActions": [
    {
      "id": "edit",
      "provider": "editSettingsOnly"
    },
    {
      "id": "rename",
      "provider": "default"
    },
    {
      "id": "delete",
      "provider": "default"
    }
  ],
  "sections": [
    {
      "id": "Settings",
      "displayName": {
        "$ref": "strings:#/settingsSection"
      },
      "bodyModel": {
        "summaryEntries": [
          "LastUsedBuildConfiguration",
          "ContainerBuild",
          "TargetFramework"
        ],
        "advancedAction": {
          "base": {
            "$refmerge": "/definitions/actions.json#/showAll"
          },
          "provider": "azure"
        }
      }
    },
    {
      "id": "Hosting",
      "displayName": {
        "$ref": "strings:#/hostingSection"
      },
      "actions": [
        {
          "id": "editImageTag",
          "provider": "editableProfile"
        },
        {
          "id": "manageInAzurePortal",
          "provider": "azure"
        },
        {
          "id": "associateInstance",
          "provider": "wizardEdit"
        }
      ],
      "bodyModel": {
        "summaryEntries": [
          "SubscriptionFromResourceId",
          "ResourceGroupFromResourceId",
          "ResourceNameFromResourceId",
          "RegistryUrl",
          "PublishImageTag"
        ],
        "advancedLink": {
          "displayName": {
            "$ref": "strings:#/site"
          },
          "propertyName": "SiteUrlToLaunchAfterPublish"
        }
      },
      "dynamicDataPoints": [
        "azureSiteFetched"
      ]
    }
  ],
  "dynamicData": [
    {
      "id": "azureSite",
      "kind": "azureSiteFetched",
      "runOnClient": true,
      "trigger": "Activate"
    }
  ],
  "properties": {}
}
