{
  "image": {
    "$ref": "images:#/azureAppService"
  },
  "state": {
    "$ref": "/definitions/states.json#/pubxmlContainers"
  },
  "isPublishable": true,
  "publishSettings": {
    "prePublish": [
      "checkContainerPrereq"
    ],
    "postPublish": [
      "setGrpcProperties",
      "webContainerDeploy",
      "generateSwaggerAndAPIMPush",
      "showSiteUrlInBrowser",
      "warmupSite"
    ]
  },
  "globalCrudActions": [
    {
      "id": "edit",
      "provider": "editSettingsOnly"
    },
    {
      "id": "rename",
      "provider": "default"
    },
    {
      "id": "delete",
      "provider": "default"
    },
    {
      "id": "restore",
      "provider": "default"
    }
  ],
  "sections": [
    {
      "id": "Settings",
      "displayName": {
        "$ref": "strings:#/settingsSection"
      },
      "bodyModel": {
        "summaryEntries": [
          "LastUsedBuildConfiguration",
          "TargetFramework"
        ],
        "advancedAction": {
          "base": {
            "$refmerge": "/definitions/actions.json#/showAll"
          },
          "provider": "editSettingsOnly"
        }
      }
    },
    {
      "id": "Hosting",
      "displayName": {
        "$ref": "strings:#/hostingSection"
      },
      "actions": [
        {
          "id": "appServiceSettings",
          "provider": "azure"
        },
        {
          "id": "manageInAzurePortal",
          "provider": "azure"
        },
        {
          "id": "associateInstance",
          "provider": "wizardEdit"
        },
        {
          "id": "attachDebugger",
          "provider": "azure"
        },
        {
          "id": "startProfiling",
          "provider": "azure"
        },
        {
          "id": "stopProfiling",
          "provider": "azure"
        },
        {
          "id": "viewStreamingLogs",
          "provider": "azure"
        },
        {
          "id": "startApplication",
          "provider": "azure"
        },
        {
          "id": "stopApplication",
          "provider": "azure"
        },
        {
          "id": "downloadPublishProfile",
          "provider": "azure"
        }
      ],
      "bodyModel": {
        "summaryEntries": [
          "SubscriptionFromResourceId",
          "ResourceGroupFromResourceId",
          "ResourceNameFromResourceId",
          "Repository",
          "ImageName"
        ],
        "advancedLink": {
          "displayName": {
            "$ref": "strings:#/site"
          },
          "propertyName": "SiteUrlToLaunchAfterPublish"
        }
      }
    },
    {
      "id": "Dependencies",
      "displayName": {
        "$ref": "strings:#serviceDependenciesSection"
      },
      "dynamicDataPoints": [
        "azureSiteFetchedDependency"
      ]
    }
  ],
  "dynamicData": [
    {
      "id": "azureSite",
      "kind": "azureSiteFetchedDependency",
      "runOnClient": true,
      "trigger": "Activate"
    }
  ],
  "properties": {
    "OnPublishSuccessSiteOpenUrlProperties": {
      "$refmerge": "/definitions/viewProperties.json#/OnPublishSuccessSiteOpenUrlProperties"
    }
  }
}
