{
  "base": {
    "$refmerge": "/profileconfigs/view/azureContainerAppLinux.Base.json#/"
  },
  "state": {
    "$ref": "/definitions/states.json#/pubxmlContainers"
  },
  "publishSettings": {
    "prePublish": [
      "checkContainerPrereq"
    ],
    "postPublish": [
      "containerAppsDeploy",
      "showSiteUrlInBrowser",
      "warmupSite"
    ]
  },
  "properties": {
    "OnPublishSuccessSiteOpenUrlProperties": {
      "$refmerge": "/definitions/viewProperties.json#/OnPublishSuccessSiteOpenUrlProperties"
    }
  },
  "dynamicData": [
    {
      "id": "azureSite",
      "kind": "azureSiteFetched",
      "runOnClient": true,
      "trigger": "Activate"
    },
    {
      "id": "azureSite",
      "kind": "azureSiteFetchedDependency",
      "runOnClient": true,
      "trigger": "Activate"
    }
  ]
}
