{
  "image": {
    "$ref": "images:#/folder"
  },
  "state": {
    "$ref": "/definitions/states.json#/pubxml"
  },
  "isPublishable": true,
  "globalCrudActions": [
    {
      "id": "edit",
      "provider": "editableProfile"
    },
    {
      "id": "rename",
      "provider": "default"
    },
    {
      "id": "delete",
      "provider": "default"
    }
  ],
  "sections": [
    {
      "id": "Settings",
      "displayName": {
        "$ref": "strings:#/settingsSection"
      },
      "bodyModel": {
        "summaryEntries": [
          "PublishDir",
          "Configuration",
          "TargetFramework",
          "TargetRuntime"
        ],
        "advancedAction": {
          "base": {
            "$refmerge": "/definitions/actions.json#/showAll"
          },
          "provider": "editableProfile"
        }
      }
    }
  ],
  "properties": {
    "OnPublishSuccessFolderOpenUrlProperties": {
      "$refmerge": "/definitions/viewProperties.json#/OnPublishSuccessFolderOpenUrlProperties"
    },
    "OnPublishSuccessOpenUrlProperty": "PublishDir"
  }
}
