{
  "image": {
    "$ref": "images:#/ftp"
  },
  "state": {
    "$ref": "/definitions/states.json#/pubxmlFtp"
  },
  "isPublishable": true,
  "publishSettings": {
    "postPublish": [
      "showSiteUrlInBrowser"
    ]
  },
  "globalCrudActions": [
    {
      "id": "edit",
      "provider": "default"
    },
    {
      "id": "rename",
      "provider": "default"
    },
    {
      "id": "delete",
      "provider": "default"
    },
    {
      "id": "preview",
      "provider": "default"
    }
  ],
  "sections": [
    {
      "id": "Settings",
      "displayName": {
        "$ref": "strings:#/settingsSection"
      },
      "bodyModel": {
        "summaryEntries": [
          "LastUsedBuildConfiguration",
          "TargetFramework",
          "DeploymentMode",
          "TargetRuntime"
        ],
        "advancedAction": {
          "base": {
            "$refmerge": "/definitions/actions.json#/showAll"
          },
          "provider": "default"
        }
      }
    },
    {
      "id": "Hosting",
      "displayName": {
        "$ref": "strings:#/hostingSection"
      },
      "bodyModel": {
        "summaryEntries": [
          "FtpServer",
          "FtpSitePath",
          "FtpPassiveMode",
          "UserName",
          "EncryptedPassword"
        ],
        "advancedLink": {
          "displayName": {
            "$ref": "strings:#/site"
          },
          "propertyName": "SiteUrlToLaunchAfterPublish"
        }
      }
    }
  ],
  "dynamicData": [
  ],
  "properties": {
    "OnPublishSuccessSiteOpenUrlProperties": {
      "$refmerge": "/definitions/viewProperties.json#/OnPublishSuccessSiteOpenUrlProperties"
    }
  }
}
