{
  "model": {
    "id": "AzDevAppService",
    "name": {
      "$ref": "strings:#/azdevAppServiceTargetName"
    },
    "description": {
      "$ref": "strings:#/azdevAppServiceTargetDescription"
    },
    "image": {
      "$ref": "images:#/azureAppService"
    },
    "displayOrder": 1100,
    "categoryIDs": [
      "Azure"
    ]
  },
  "appliesTo": [
    {
      "when": {
        "kind": "and",
        "operands": [
          { "$ref": "/definitions/conditions.json#/isAzDevRepo" },
          { "$ref": "/definitions/conditions.json#/allDotNetCoreWebProjects" }
        ]
      },
      "config": "azdevAppService",
      "viewConfig": "azdevAppService"
    }
  ]
}
