{
  "model": {
    "id": "AzureAppServiceGitWorkflowLinux",
    "name": {
      "$ref": "strings:#/azureAppServiceLinuxTargetName"
    },
    "description": {
      "$ref": "strings:#/azureAppServiceWindowsTargetDescription"
    },
    "image": {
      "$ref": "images:#/azureAppService"
    },
    "displayOrder": 1100,
    "categoryIDs": [
      "Azure"
    ]
  },
  "appliesTo": [
    {
      "when": {
        "$ref": "/definitions/conditions.json#/hasGitHubProvisioningServicePushAndCommit"
      },
      "viewConfig": "azureAppServiceGitWorkflowLocal"
    },
    {
      "when": {
        "$ref": "/definitions/conditions.json#/always"
      },
      "viewConfig": "azureAppServiceGitWorkflow"
    }
  ]
}
