{
  "model": {
    "id": "AzureStaticWebAppGitWorkflow",
    "name": {
      "$ref": "strings:#/azureStaticWebAppTargetName"
    },
    "description": {
      "$ref": "strings:#/azureStaticWebAppTargetDescription"
    },
    "image": {
      "$ref": "images:#/azureStaticApps"
    },
    "displayOrder": 1020,
    "categoryIDs": [
      "Azure"
    ]
  },
  "appliesTo": [
    {
      "when": {
        "$ref": "/definitions/conditions.json#/always"
      },
      "viewConfig": "azureStaticWebAppGitWorkflow"
    }
  ]
}
