{
  "model": {
    "id": "AzureStaticWebApp",
    "name": {
      "$ref": "strings:#/azureStaticWebAppTargetName"
    },
    "description": {
      "$ref": "strings:#/azureStaticWebAppTargetDescription"
    },
    "image": {
      "$ref": "images:#/azureStaticApps"
    },
    "displayOrder": 1020,
    "categoryIDs": [
      "Azure"
    ]
  },
  "appliesTo": [
    {
      "when": {
        "kind": "and",
        "operands": [
          { "$ref": "/definitions/conditions.json#/isBlazorWASM" },
          { "$ref": "/definitions/conditions.json#/isPublishModeEnabled" }
        ]
      },
      "config": "azureStaticWebAppWithPublishMode",
      "viewConfig": "azureStaticWebApp"
    },
    {
      "when": {
        "$ref": "/definitions/conditions.json#/isBlazorWASM"
      },
      "config": "azureStaticWebApp",
      "viewConfig": "azureStaticWebApp"
    }
  ]
}
