{
  "model": {
    "id": "AzureFunctionAppLinux",
    "name": {
      "$ref": "strings:#/azureFunctionAppLinuxTargetName"
    },
    "description": {
      "$ref": "strings:#/azureFunctionAppLinuxTargetDescription"
    },
    "image": {
      "$ref": "images:#/azureFunctionApp"
    },
    "displayOrder": 1150,
    "categoryIDs": [
      "Azure"
    ]
  },
  "appliesTo": [
    {
      "when": {
        "kind": "and",
        "operands": [
          { "$ref": "/definitions/conditions.json#/isAzureFunctionLinuxSupported" },
          { "$ref": "/definitions/conditions.json#/isPublishModeEnabled" },
          { "$ref": "/definitions/conditions.json#/functionAppCanHaveApi" }
        ]
      },
      "config": "azureFunctionAppLinuxWithApiPublishMode",
      "viewConfig": "azureFunctionApp"
    },
    {
      "when": {
        "kind": "and",
        "operands": [
          { "$ref": "/definitions/conditions.json#/isAzureFunctionLinuxSupported" },
          { "$ref": "/definitions/conditions.json#/isPublishModeEnabled" },
          {
            "kind": "not",
            "operand": {
              "$ref": "/definitions/conditions.json#/isWizardEditMode"
            }
          }
        ]
      },
      "config": "azureFunctionAppLinuxWithPublishMode",
      "viewConfig": "azureFunctionApp"
    },
    {
      "when": {
        "kind": "and",
        "operands": [
          { "$ref": "/definitions/conditions.json#/isAzureFunctionLinuxSupported" },
          { "$ref": "/definitions/conditions.json#/functionAppCanHaveApi" }
        ]
      },
      "config": "azureFunctionAppLinuxWithApi",
      "viewConfig": "azureFunctionApp"
    },
    {
      "when": {
        "$ref": "/definitions/conditions.json#/isAzureFunctionLinuxSupported"
      },
      "config": "azureFunctionAppLinux",
      "viewConfig": "azureFunctionApp"
    }
  ]
}
