{
  "model": {
    "id": "AzureFunctionAppWindows",
    "name": {
      "$ref": "strings:#/azureFunctionAppWindowsTargetName"
    },
    "description": {
      "$ref": "strings:#/azureFunctionAppWindowsTargetDescription"
    },
    "image": {
      "$ref": "images:#/azureFunctionApp"
    },
    "displayOrder": 1100,
    "categoryIDs": [
      "Azure"
    ]
  },
  "appliesTo": [
    {
      "when": {
        "kind": "and",
        "operands": [
          { "$ref": "/definitions/conditions.json#/isAzureFunction" },
          { "$ref": "/definitions/conditions.json#/functionAppCanHaveApi" },
          { "$ref": "/definitions/conditions.json#/isPublishModeEnabled" }
        ]
      },
      "config": "azureFunctionAppWindowsWithApiPublishMode",
      "viewConfig": "azureFunctionApp"
    },
    {
      "when": {
        "kind": "and",
        "operands": [
          { "$ref": "/definitions/conditions.json#/isAzureFunction" },
          { "$ref": "/definitions/conditions.json#/isPublishModeEnabled" },
          {
            "kind": "not",
            "operand": {
              "$ref": "/definitions/conditions.json#/isWizardEditMode"
            }
          }
        ]
      },
      "config": "azureFunctionAppWindowsWithPublishMode",
      "viewConfig": "azureFunctionApp"
    },
    {
      "when": {
        "kind": "and",
        "operands": [
          { "$ref": "/definitions/conditions.json#/isAzureFunction" },
          { "$ref": "/definitions/conditions.json#/functionAppCanHaveApi" }
        ]
      },
      "config": "azureFunctionAppWindowsWithApi",
      "viewConfig": "azureFunctionApp"
    },
    {
      "when": {
        "$ref": "/definitions/conditions.json#/isAzureFunction"
      },
      "config": "azureFunctionAppWindows",
      "viewConfig": "azureFunctionApp"
    }
  ]
}
