{
  "model": {
    "id": "AzureFunctionAppApiMGitWorkflowLinux",
    "name": {
      "$ref": "strings:#/azureFunctionAppLinuxTargetName"
    },
    "description": {
      "$ref": "strings:#/azureFunctionAppLinuxTargetDescription"
    },
    "image": {
      "$ref": "images:#/azureFunctionApp"
    },
    "displayOrder": 1100,
    "categoryIDs": [
      "Azure"
    ]
  },
  "appliesTo": [
    {
      "when": {
        "$ref": "/definitions/conditions.json#/always"
      },
      "viewConfig": "azureFunctionAppApiMGitWorkflow"
    }
  ]
}
