{
  "model": {
    "id": "AzureAppServiceWindows",
    "name": {
      "$ref": "strings:#/azureAppServiceWindowsTargetName"
    },
    "description": {
      "$ref": "strings:#/azureAppServiceWindowsTargetDescription"
    },
    "image": {
      "$ref": "images:#/azureAppService"
    },
    "displayOrder": 1100,
    "categoryIDs": [
      "Azure"
    ]
  },
  "appliesTo": [
    {
      "when": {
        "kind": "and",
        "operands": [
          { "$ref": "/definitions/conditions.json#/appServiceCanHaveApi" },
          { "$ref": "/definitions/conditions.json#/isPublishModeEnabled" }
        ]
      },
      "config": "azureAppServiceWindowsWithApiPublishMode",
      "viewConfig": "azureAppService"
    },
    {
      "when": {
        "$ref": "/definitions/conditions.json#/appServiceCanHaveApi"
      },
      "config": "azureAppServiceWindowsWithApi",
      "viewConfig": "azureAppService"
    },
    {
      "when": {
        "kind": "and",
        "operands": [
          { "$ref": "/definitions/conditions.json#/allDotNetCoreWebProjects" },
          { "$ref": "/definitions/conditions.json#/isPublishModeEnabled" },
          {
            "kind": "not",
            "operand": {
              "$ref": "/definitions/conditions.json#/isWizardEditMode"
            }
          }
        ]
      },
      "config": "azureAppServiceWindowsWithPublishMode",
      "viewConfig": "azureAppService"
    },
    {
      "when": {
        "$ref": "/definitions/conditions.json#/allDotNetCoreWebProjects"
      },
      "config": "azureAppServiceWindows",
      "viewConfig": "azureAppService"
    },
    {
      "when": {
        "$ref": "/definitions/conditions.json#/isWeb"
      },
      "config": "azureAppServiceWindowsWAP",
      "viewConfig": "azureAppService.wap"
    },
    {
      "when": {
        "$ref": "/definitions/conditions.json#/isWebSite"
      },
      "config": "azureAppServiceWindowsWAP",
      "viewConfig": "azureAppService.webSite"
    },
    {
      "when": {
        "$ref": "/definitions/conditions.json#/isClassicConsoleWebJob"
      },
      "viewConfig": "azureAppService.classicConsole"
    },
    {
      "when": {
        "$ref": "/definitions/conditions.json#/isConsoleWebJob"
      },
      "viewConfig": "azureAppService"
    }
  ]
}
