{
  "model": {
    "id": "AzureContainerRegistry",
    "name": {
      "$ref": "strings:#/azureContainerRegistryTargetName"
    },
    "description": {
      "$ref": "strings:#/azureContainerRegistryTargetDescription"
    },
    "image": {
      "$ref": "images:#/azureContainerRegistry"
    },
    "displayOrder": 1300,
    "categoryIDs": [
      "Azure",
      "ContainerRegistry"
    ]
  },
  "appliesTo": [
    {
      "when": {
        "$ref": "/definitions/conditions.json#/isMauiProject"
      }
    },
    {
      "when": {
        "$ref": "/definitions/conditions.json#/isDotNetApp"
      },
      "config": "azureContainerRegistry",
      "viewConfig": "azureContainerRegistry"
    }
  ]
}
