{
  "model": {
    "id": "AzureKubernetesServiceGitWorkflow",
    "name": {
      "$ref": "strings:#/azureKubernetesServiceTargetName"
    },
    "description": {
      "$ref": "strings:#/azureFunctionAppWindowsTargetDescription"
    },
    "image": {
      "$ref": "images:#/azureKubernetesService"
    },
    "displayOrder": 1040,
    "categoryIDs": [
      "Azure"
    ]
  },
  "appliesTo": [
    {
      "when": {
        "$ref": "/definitions/conditions.json#/always"
      },
      "viewConfig": "azureKubernetesServiceGitWorkflow"
    }
  ]
}
