{
  "model": {
    "id": "AzureVirtualMachine",
    "name": {
      "$ref": "strings:#/azureVirtualMachineTargetName"
    },
    "description": {
      "$ref": "strings:#/azureVirtualMachineTargetDescription"
    },
    "image": {
      "$ref": "images:#/azureVirtualMachine"
    },
    "displayOrder": 1600,
    "categoryIDs": [
      "Azure"
    ]
  },
  "appliesTo": [
    {
      "when": {
        "$ref": "/definitions/conditions.json#/allWebProjects"
      },
      "config": "azureVirtualMachine",
      "viewConfig": "azureVm"
    }
  ]
}
