{
  "model": {
    "id": "AzureAppServiceContainerLinux",
    "name": {
      "$ref": "strings:#/azureAppServiceContainerLinuxTargetName"
    },
    "description": {
      "$ref": "strings:#/azureAppServiceContainerLinuxTargetDescription"
    },
    "image": {
      "$ref": "images:#/azureAppService"
    },
    "displayOrder": 1200,
    "categoryIDs": [
      "Azure"
    ]
  },
  "appliesTo": [
    {
      "when": {
        "$ref": "/definitions/conditions.json#/isNotContainerRegistrySupported"
      }
    },
    {
      "when": {
        "$ref": "/definitions/conditions.json#/appServiceCanHaveApi"
      },
      "config": "azureAppServiceContainerLinuxWithApi",
      "viewConfig": "azureAppServiceContainer"
    },
    {
      "when": {
        "$ref": "/definitions/conditions.json#/isDotNetCoreWeb"
      },
      "config": "azureAppServiceContainerLinux",
      "viewConfig": "azureAppServiceContainer"
    }
  ]
}
