{
  "model": {
    "id": "DockerCustomContainerRegistry",
    "name": {
      "$ref": "strings:#/dockerCustomContainerRegistryTargetName"
    },
    "description": {
      "$ref": "strings:#/dockerCustomContainerRegistryTargetDescription"
    },
    "image": {
      "$ref": "images:#/dockerContainerRegistry"
    },
    "displayOrder": 2200,
    "categoryIDs": [
      "ContainerRegistry"
    ]
  },
  "appliesTo": [
    {
      "when": {
        "$ref": "/definitions/conditions.json#/isMauiProject"
      }
    },
    {
      "when": {
        "$ref": "/definitions/conditions.json#/isDotNetApp"
      },
      "config": "dockerCustomContainerRegistry",
      "viewConfig": "dockerContainerRegistry"
    }
  ]
}
