{
  "model": {
    "id": "Folder",
    "name": {
      "$ref": "strings:#/folderCategoryName"
    },
    "description": {
      "$ref": "strings:#/folderCategoryDescription"
    },
    "image": {
      "$ref": "images:#/folder"
    },
    "displayOrder": 3100,
    "categoryIDs": [
      "Folder"
    ]
  },
  "appliesTo": [
    {
      "when": {
        "kind": "or",
        "operands": [
          { "$ref": "/definitions/conditions.json#/isAzureFunction" },
          { "$ref": "/definitions/conditions.json#/isDotNetCoreConsole" }
        ]
      },
      "config": "folderFunctionDotNetConsole",
      "viewConfig": "folder.console"
    },
    {
      "when": {
        "kind": "and",
        "operands": [
           { "$ref": "/definitions/conditions.json#/isDotNetCoreWeb" },
           {
            "kind": "and",
            "operands": [
              { "$ref": "/definitions/conditions.json#/isFolderPublish" },
              { "$ref": "/definitions/conditions.json#/isCps" }
            ]
          }
        ]
      },
      "config": "folder",
      "viewConfig": "folder.core"
    },
    {
      "when": {
        "kind": "and",
        "operands": [
          { "$ref": "/definitions/conditions.json#/isWeb" },
          { "$ref": "/definitions/conditions.json#/isFolderPublish" }
        ]
      },
      "config": "folder",
      "viewConfig": "folder"
    },
    {
      "when": {
        "$ref": "/definitions/conditions.json#/isWebSite"
      },
      "config": "folderWebSite",
      "viewConfig": "folder"
    }
  ]
}
