{
  "model": {
    "id": "FTP",
    "name": {
      "$ref": "strings:#/ftpTargetName"
    },
    "description": {
      "$ref": "strings:#/ftpTargetDescription"
    },
    "image": {
      "$ref": "images:#/ftp"
    },
    "displayOrder": 4100,
    "categoryIDs": [
      "FTP"
    ]
  },
  "appliesTo": [
    {
      "when": {
        "$ref": "/definitions/conditions.json#/notSupportsFtp"
      }
    },
    {
      "when": {
        "$ref": "/definitions/conditions.json#/isWebSite"
      },
      "config": "ftpWebSite",
      "viewConfig": "ftp"
    },
    {
      "when": {
        "$ref": "/definitions/conditions.json#/allWebProjects"
      },
      "config": "ftp",
      "viewConfig": "ftp"
    }
  ]
}
