{
  "model": {
    "id": "IISWebDeploy",
    "name": {
      "$ref": "strings:#/iisWebDeployTargetName"
    },
    "description": {
      "$ref": "strings:#/iisWebDeployTargetDescription"
    },
    "image": {
      "$ref": "images:#/webDeploy"
    },
    "displayOrder": 5100,
    "categoryIDs": [
      "IIS"
    ]
  },
  "appliesTo": [
    {
      "when": {
        "$ref": "/definitions/conditions.json#/isWebSite"
      },
      "config": "iisWebDeployWebSite",
      "viewConfig": "webDeploy"
    },
    {
      "when": {
        "$ref": "/definitions/conditions.json#/isWAP"
      },
      "config": "iisWebDeployWAP",
      "viewConfig": "webDeploy"
    },
    {
      "when": {
        "$ref": "/definitions/conditions.json#/allWebProjects"
      },
      "config": "iisWebDeploy",
      "viewConfig": "webDeploy"
    }
  ]
}
