{
  "model": {
    "id": "IISWebDeployPackage",
    "name": {
      "$ref": "strings:#/iisWebDeployPackageTargetName"
    },
    "description": {
      "$ref": "strings:#/iisWebDeployPackageTargetDescription"
    },
    "image": {
      "$ref": "images:#/webDeployPackage"
    },
    "displayOrder": 5150,
    "categoryIDs": [
      "IIS"
    ]
  },
  "appliesTo": [
    {
      "when": {
        "$ref": "/definitions/conditions.json#/isWebSite"
      },
      "config": "iisWebDeployPackageWebSite",
      "viewConfig": "webDeploy"
    },
    {
      "when": {
        "$ref": "/definitions/conditions.json#/isWAP"
      },
      "config": "iisWebDeployPackageWAP",
      "viewConfig": "webDeploy"
    },
    {
      "when": {
        "$ref": "/definitions/conditions.json#/allWebProjects"
      },
      "config": "iisWebDeployPackage",
      "viewConfig": "webDeploy"
    }
  ]
}
