{
  "model": {
    "id": "Import",
    "name": {
      "$ref": "strings:#/importCategoryName"
    },
    "description": {
      "$ref": "strings:#/importCategoryDescription"
    },
    "image": {
      "$ref": "images:#/import"
    },
    "displayOrder": 6100,
    "categoryIDs": [
      "Import"
    ]
  },
  "appliesTo": [
    {
      "when": {
        "$ref": "/definitions/conditions.json#/allWebProjects"
      },
      "config": "import"
    },
    {
      "when": {
          "$ref": "/definitions/conditions.json#/isAzureFunction"
      },
      "config": "importFunction"
    },
    {
      "when": {
          "$ref": "/definitions/conditions.json#/isConsoleWebJob"
      },
      "config": "importWebJobs"
    }
  ]
}
