{
  "model": {
    "id": "NetSDKConsoleCustomContainerRegistry",
    "name": {
      "$ref": "strings:#/dockerCustomContainerRegistryTargetName"
    },
    "description": {
      "$ref": "strings:#/dockerCustomContainerRegistryTargetDescription"
    },
    "image": {
      "$ref": "images:#/dockerContainerRegistry"
    },
    "displayOrder": 2200,
    "categoryIDs": [
      "ContainerRegistry"
    ]
  },
  "appliesTo": [
    {
      "when": {
        "$ref": "/definitions/conditions.json#/always"
      },
      "viewConfig": "netSdkContainerRegistry.console"
    }
  ]
}
